{
  "schema_version": "1.0",
  "values": {
    "samples": 4001.0,
    "final_p1": 0.5235702527921862,
    "final_p0": 0.47642974720781384,
    "mean_excited": 0.5216182650760792
  }
}