{
  "schema_version": "1.0",
  "values": {
    "samples": 1001.0,
    "final_p1": 0.9999944156139706,
    "final_p0": 5.584386029378052e-06,
    "mean_excited": 0.9191668631584449
  }
}