{
  "qasm_parse": 7.220000043162145e-05,
  "backend_load": 0.0007236000001284992,
  "compile_pipeline": 2.099999983329326e-05,
  "lowering": 3.6100000215810724e-05,
  "pulse_compile": 0.0006364999990182696,
  "pulse_npz_write": 0.0009577000000717817,
  "model_build": 0.0001872000011644559,
  "engine_run": 0.10864380000020901,
  "analysis_run": 0.00015379999967990443,
  "artifact_write": 0.009729699999297736,
  "dxf_export": 1.3000008038943633e-06,
  "manifest_write": 0.10617929999898479,
  "total": 0.22742029999972146
}