{
  "schema_version": "1.0",
  "values": {
    "samples": 4001.0,
    "final_p1": 0.5859471663213942,
    "final_p0": 0.4140528336786058,
    "mean_excited": 0.5645641389073341
  }
}