{
  "schema_version": "1.0",
  "t_end": 300.4321608040201,
  "channels": [
    {
      "name": "RO0",
      "pulses": [
        {
          "t0": 100.4321608040201,
          "t1": 300.4321608040201,
          "amp": 0.8,
          "shape": "readout",
          "params": {},
          "carrier": {
            "freq": 6500000000.0,
            "phase": 0.0
          }
        }
      ]
    },
    {
      "name": "XY0",
      "pulses": [
        {
          "t0": 0.0,
          "t1": 100.4321608040201,
          "amp": 1.0,
          "shape": "gaussian",
          "params": {
            "sigma": 16.738693467336685
          },
          "carrier": {
            "freq": 5000000000.0,
            "phase": 0.0
          }
        }
      ]
    }
  ]
}