{
  "qasm_parse": 7.580000055895653e-05,
  "backend_load": 0.0008397999990847893,
  "compile_pipeline": 1.700000029813964e-05,
  "lowering": 3.509999987727497e-05,
  "pulse_compile": 0.0034271000004082453,
  "pulse_npz_write": 0.0016262999997707084,
  "model_build": 0.0004822000009880867,
  "engine_run": 0.05960869999944407,
  "analysis_run": 0.00032869999995455146,
  "artifact_write": 0.013784599999780767,
  "dxf_export": 1.2000000424450263e-06,
  "manifest_write": 0.09964319999926374,
  "total": 0.17997539999851142
}