{
  "schema_version": "1.0",
  "values": {
    "samples": 4001.0,
    "final_p1": 0.7231492137441445,
    "final_p0": 0.27685078625585546,
    "mean_excited": 0.6905613850554823
  }
}