{
  "schema_version": "1.0",
  "values": {
    "samples": 4001.0,
    "final_p1": 0.6241305048347844,
    "final_p0": 0.3758694951652156,
    "mean_excited": 0.616147818112849
  }
}