{
  "schema_version": "1.0",
  "values": {
    "samples": 4001.0,
    "final_p1": 0.9913753162469624,
    "final_p0": 0.008624683753037599,
    "mean_excited": 0.9834869175424144
  }
}