{
  "schema_version": "1.0",
  "values": {
    "samples": 4001.0,
    "final_p1": 0.9888149389149442,
    "final_p0": 0.011185061085055792,
    "mean_excited": 0.9514572761311897
  }
}