{
  "schema_version": "1.0",
  "values": {
    "samples": 1001.0,
    "final_p1": 0.09813702204187687,
    "final_p0": 0.9018629779581231,
    "mean_excited": 0.13013844458435872
  }
}