{
  "qasm_parse": 7.860000005166512e-05,
  "backend_load": 0.0007144999999582069,
  "compile_pipeline": 1.5099998563528061e-05,
  "lowering": 2.750000021478627e-05,
  "pulse_compile": 0.0005273000006127404,
  "pulse_npz_write": 0.0008278999994217884,
  "model_build": 0.00020650000078603625,
  "engine_run": 0.027690099999745144,
  "analysis_run": 0.00013519999993150122,
  "artifact_write": 0.008957699999882607,
  "dxf_export": 1.0000003385357559e-06,
  "manifest_write": 0.07040869999946153,
  "total": 0.10968350000075588
}