{
  "schema_version": "1.0",
  "values": {
    "samples": 4001.0,
    "final_p1": 0.014473704283396463,
    "final_p0": 0.9855262957166036,
    "mean_excited": 0.0316594155121371
  }
}