{
  "schema_version": "1.0",
  "t_end": 260.1105527638191,
  "channels": [
    {
      "name": "RO0",
      "pulses": [
        {
          "t0": 60.11055276381909,
          "t1": 260.1105527638191,
          "amp": 0.8,
          "shape": "readout",
          "params": {},
          "carrier": {
            "freq": 6500000000.0,
            "phase": 0.0
          }
        }
      ]
    },
    {
      "name": "XY0",
      "pulses": [
        {
          "t0": 0.0,
          "t1": 60.11055276381909,
          "amp": 1.0,
          "shape": "gaussian",
          "params": {
            "sigma": 10.018425460636516
          },
          "carrier": {
            "freq": 5000000000.0,
            "phase": 0.0
          }
        }
      ]
    }
  ]
}