{
  "schema_version": "1.0",
  "values": {
    "samples": 4001.0,
    "final_p1": 0.32719377958341705,
    "final_p0": 0.672806220416583,
    "mean_excited": 0.32576738563437213
  }
}