{
  "schema_version": "1.0",
  "t_end": 267.22613065326635,
  "channels": [
    {
      "name": "RO0",
      "pulses": [
        {
          "t0": 67.22613065326634,
          "t1": 267.22613065326635,
          "amp": 0.8,
          "shape": "readout",
          "params": {},
          "carrier": {
            "freq": 6500000000.0,
            "phase": 0.0
          }
        }
      ]
    },
    {
      "name": "XY0",
      "pulses": [
        {
          "t0": 0.0,
          "t1": 67.22613065326634,
          "amp": 1.0,
          "shape": "gaussian",
          "params": {
            "sigma": 11.204355108877722
          },
          "carrier": {
            "freq": 5000000000.0,
            "phase": 0.0
          }
        }
      ]
    }
  ]
}