{
  "schema_version": "1.0",
  "values": {
    "samples": 4001.0,
    "final_p1": 0.8531617155672254,
    "final_p0": 0.14683828443277458,
    "mean_excited": 0.8476687308598773
  }
}