{
  "schema_version": "1.0",
  "t_end": 211.48743718592965,
  "channels": [
    {
      "name": "RO0",
      "pulses": [
        {
          "t0": 11.487437185929648,
          "t1": 211.48743718592965,
          "amp": 0.8,
          "shape": "readout",
          "params": {},
          "carrier": {
            "freq": 6500000000.0,
            "phase": 0.0
          }
        }
      ]
    },
    {
      "name": "XY0",
      "pulses": [
        {
          "t0": 0.0,
          "t1": 11.487437185929648,
          "amp": 1.0,
          "shape": "gaussian",
          "params": {
            "sigma": 1.914572864321608
          },
          "carrier": {
            "freq": 5000000000.0,
            "phase": 0.0
          }
        }
      ]
    }
  ]
}