{
  "schema_version": "1.0",
  "values": {
    "samples": 4001.0,
    "final_p1": 0.7018710923924605,
    "final_p0": 0.2981289076075395,
    "mean_excited": 0.6781060447356103
  }
}