{
  "schema_version": "1.0",
  "values": {
    "samples": 4001.0,
    "final_p1": 0.4799890321556287,
    "final_p0": 0.5200109678443713,
    "mean_excited": 0.4787372706787875
  }
}