{
  "schema_version": "1.0",
  "values": {
    "samples": 4001.0,
    "final_p1": 0.8517824945133167,
    "final_p0": 0.14821750548668333,
    "mean_excited": 0.8135608636262232
  }
}