{
  "schema_version": "1.0",
  "t_end": 311.10552763819095,
  "channels": [
    {
      "name": "RO0",
      "pulses": [
        {
          "t0": 111.10552763819096,
          "t1": 311.10552763819095,
          "amp": 0.8,
          "shape": "readout",
          "params": {},
          "carrier": {
            "freq": 6500000000.0,
            "phase": 0.0
          }
        }
      ]
    },
    {
      "name": "XY0",
      "pulses": [
        {
          "t0": 0.0,
          "t1": 111.10552763819096,
          "amp": 1.0,
          "shape": "gaussian",
          "params": {
            "sigma": 18.517587939698494
          },
          "carrier": {
            "freq": 5000000000.0,
            "phase": 0.0
          }
        }
      ]
    }
  ]
}