{
  "schema_version": "1.0",
  "values": {
    "samples": 4001.0,
    "final_p1": 0.8668413678603705,
    "final_p0": 0.13315863213962953,
    "mean_excited": 0.848037095726302
  }
}