{
  "schema_version": "1.0",
  "t_end": 242.321608040201,
  "channels": [
    {
      "name": "RO0",
      "pulses": [
        {
          "t0": 42.321608040201006,
          "t1": 242.321608040201,
          "amp": 0.8,
          "shape": "readout",
          "params": {},
          "carrier": {
            "freq": 6500000000.0,
            "phase": 0.0
          }
        }
      ]
    },
    {
      "name": "XY0",
      "pulses": [
        {
          "t0": 0.0,
          "t1": 42.321608040201006,
          "amp": 1.0,
          "shape": "gaussian",
          "params": {
            "sigma": 7.053601340033501
          },
          "carrier": {
            "freq": 5000000000.0,
            "phase": 0.0
          }
        }
      ]
    }
  ]
}