{
  "schema_version": "1.0",
  "values": {
    "samples": 20001.0,
    "final_p1": 0.04937337531393942,
    "final_p0": 0.9506266246860606,
    "mean_excited": 0.07552595616397599
  }
}