{
  "schema_version": "1.0",
  "values": {
    "samples": 4001.0,
    "final_p1": 0.12657142767309504,
    "final_p0": 0.873428572326905,
    "mean_excited": 0.1393065005260779
  }
}