{
  "schema_version": "1.0",
  "values": {
    "samples": 4001.0,
    "final_p1": 0.836584773460906,
    "final_p0": 0.16341522653909402,
    "mean_excited": 0.8099229552448309
  }
}