{
  "schema_version": "1.0",
  "t_end": 280.66666666666663,
  "channels": [
    {
      "name": "RO0",
      "pulses": [
        {
          "t0": 80.66666666666666,
          "t1": 280.66666666666663,
          "amp": 0.8,
          "shape": "readout",
          "params": {},
          "carrier": {
            "freq": 6500000000.0,
            "phase": 0.0
          }
        }
      ]
    },
    {
      "name": "XY0",
      "pulses": [
        {
          "t0": 0.0,
          "t1": 80.66666666666666,
          "amp": 1.0,
          "shape": "gaussian",
          "params": {
            "sigma": 13.444444444444443
          },
          "carrier": {
            "freq": 5000000000.0,
            "phase": 0.0
          }
        }
      ]
    }
  ]
}