{
  "schema_version": "1.0",
  "values": {
    "samples": 4001.0,
    "final_p1": 0.10080910340315936,
    "final_p0": 0.8991908965968406,
    "mean_excited": 0.10059791259241899
  }
}