{
  "schema_version": "1.0",
  "t_end": 203.1859296482412,
  "channels": [
    {
      "name": "RO0",
      "pulses": [
        {
          "t0": 3.1859296482412063,
          "t1": 203.1859296482412,
          "amp": 0.8,
          "shape": "readout",
          "params": {},
          "carrier": {
            "freq": 6500000000.0,
            "phase": 0.0
          }
        }
      ]
    },
    {
      "name": "XY0",
      "pulses": [
        {
          "t0": 0.0,
          "t1": 3.1859296482412063,
          "amp": 1.0,
          "shape": "gaussian",
          "params": {
            "sigma": 0.5309882747068677
          },
          "carrier": {
            "freq": 5000000000.0,
            "phase": 0.0
          }
        }
      ]
    }
  ]
}