{
  "schema_version": "1.0",
  "values": {
    "samples": 4001.0,
    "final_p1": 0.8910887905109156,
    "final_p0": 0.10891120948908439,
    "mean_excited": 0.8840344803176385
  }
}