{
  "schema_version": "1.0",
  "values": {
    "samples": 4001.0,
    "final_p1": 0.982577626643422,
    "final_p0": 0.017422373356578036,
    "mean_excited": 0.9457011161094936
  }
}