{
  "schema_version": "1.0",
  "t_end": 277.8994974874372,
  "channels": [
    {
      "name": "RO0",
      "pulses": [
        {
          "t0": 77.89949748743719,
          "t1": 277.8994974874372,
          "amp": 0.8,
          "shape": "readout",
          "params": {},
          "carrier": {
            "freq": 6500000000.0,
            "phase": 0.0
          }
        }
      ]
    },
    {
      "name": "XY0",
      "pulses": [
        {
          "t0": 0.0,
          "t1": 77.89949748743719,
          "amp": 1.0,
          "shape": "gaussian",
          "params": {
            "sigma": 12.983249581239532
          },
          "carrier": {
            "freq": 5000000000.0,
            "phase": 0.0
          }
        }
      ]
    }
  ]
}