{
  "schema_version": "1.0",
  "values": {
    "samples": 4001.0,
    "final_p1": 0.6819904516888559,
    "final_p0": 0.31800954831114414,
    "mean_excited": 0.6716489086989617
  }
}