{
  "schema_version": "1.0",
  "t_end": 251.80904522613065,
  "channels": [
    {
      "name": "RO0",
      "pulses": [
        {
          "t0": 51.80904522613066,
          "t1": 251.80904522613065,
          "amp": 0.8,
          "shape": "readout",
          "params": {},
          "carrier": {
            "freq": 6500000000.0,
            "phase": 0.0
          }
        }
      ]
    },
    {
      "name": "XY0",
      "pulses": [
        {
          "t0": 0.0,
          "t1": 51.80904522613066,
          "amp": 1.0,
          "shape": "gaussian",
          "params": {
            "sigma": 8.634840871021776
          },
          "carrier": {
            "freq": 5000000000.0,
            "phase": 0.0
          }
        }
      ]
    }
  ]
}