{
  "schema_version": "1.0",
  "values": {
    "samples": 4001.0,
    "final_p1": 0.23404522269475853,
    "final_p0": 0.7659547773052415,
    "mean_excited": 0.2370348554217729
  }
}