{
  "schema_version": "1.0",
  "t_end": 225.71859296482413,
  "channels": [
    {
      "name": "RO0",
      "pulses": [
        {
          "t0": 25.718592964824122,
          "t1": 225.71859296482413,
          "amp": 0.8,
          "shape": "readout",
          "params": {},
          "carrier": {
            "freq": 6500000000.0,
            "phase": 0.0
          }
        }
      ]
    },
    {
      "name": "XY0",
      "pulses": [
        {
          "t0": 0.0,
          "t1": 25.718592964824122,
          "amp": 1.0,
          "shape": "gaussian",
          "params": {
            "sigma": 4.28643216080402
          },
          "carrier": {
            "freq": 5000000000.0,
            "phase": 0.0
          }
        }
      ]
    }
  ]
}