{
  "schema_version": "1.0",
  "values": {
    "samples": 1001.0,
    "final_p1": 4.5399929762484854e-05,
    "final_p0": 0.9999546000702375,
    "final_q0_excited": 4.5399929762484854e-05,
    "final_q1_excited": 0.9999546000702375,
    "mean_excited": 0.5
  }
}