{
  "qasm_parse": 7.819999882485718e-05,
  "backend_load": 0.0007308000003831694,
  "compile_pipeline": 1.4900000678608194e-05,
  "lowering": 2.829999903042335e-05,
  "pulse_compile": 0.0012724999996862607,
  "pulse_npz_write": 0.0009275000011257362,
  "model_build": 0.0003660000002128072,
  "engine_run": 0.05305609999959415,
  "analysis_run": 0.000334399999701418,
  "artifact_write": 0.01237310000033176,
  "dxf_export": 1.0000003385357559e-06,
  "manifest_write": 0.09697719999894616,
  "total": 0.16625660000136122
}