{
  "schema_version": "1.0",
  "values": {
    "samples": 4001.0,
    "final_p1": 0.7742124174769393,
    "final_p0": 0.22578758252306075,
    "mean_excited": 0.7685859941266667
  }
}