{
  "schema_version": "1.0",
  "t_end": 220.15384615384616,
  "channels": [
    {
      "name": "RO0",
      "pulses": [
        {
          "t0": 20.153846153846153,
          "t1": 220.15384615384616,
          "amp": 0.8,
          "shape": "readout",
          "params": {},
          "carrier": {
            "freq": 6500000000.0,
            "phase": 0.0
          }
        }
      ]
    },
    {
      "name": "XY0",
      "pulses": [
        {
          "t0": 0.0,
          "t1": 20.153846153846153,
          "amp": 1.0,
          "shape": "gaussian",
          "params": {
            "sigma": 3.358974358974359
          },
          "carrier": {
            "freq": 5000000000.0,
            "phase": 0.0
          }
        }
      ]
    }
  ]
}