{
  "schema_version": "1.0",
  "values": {
    "samples": 4001.0,
    "final_p1": 0.2874758103303741,
    "final_p0": 0.7125241896696259,
    "mean_excited": 0.28950371024502186
  }
}