{
  "schema_version": "1.0",
  "t_end": 225.12562814070353,
  "channels": [
    {
      "name": "RO0",
      "pulses": [
        {
          "t0": 25.12562814070352,
          "t1": 225.12562814070353,
          "amp": 0.8,
          "shape": "readout",
          "params": {},
          "carrier": {
            "freq": 6500000000.0,
            "phase": 0.0
          }
        }
      ]
    },
    {
      "name": "XY0",
      "pulses": [
        {
          "t0": 0.0,
          "t1": 25.12562814070352,
          "amp": 1.0,
          "shape": "gaussian",
          "params": {
            "sigma": 4.1876046901172534
          },
          "carrier": {
            "freq": 5000000000.0,
            "phase": 0.0
          }
        }
      ]
    }
  ]
}