{
  "schema_version": "1.0",
  "values": {
    "samples": 4001.0,
    "final_p1": 0.5470026021343563,
    "final_p0": 0.45299739786564375,
    "mean_excited": 0.5382907334271311
  }
}