{
  "schema_version": "1.0",
  "values": {
    "samples": 4001.0,
    "final_p1": 0.9270596782187154,
    "final_p0": 0.07294032178128462,
    "mean_excited": 0.8781755849222289
  }
}