{
  "schema_version": "1.0",
  "values": {
    "samples": 20001.0,
    "final_p1": 0.7231448515161508,
    "final_p0": 0.2768551484838492,
    "mean_excited": 0.6906231209754764
  }
}