{
  "schema_version": "1.0",
  "values": {
    "samples": 20001.0,
    "final_p1": 0.5194353399453745,
    "final_p0": 0.4805646600546255,
    "mean_excited": 0.5158076815814623
  }
}