{
  "schema_version": "1.0",
  "values": {
    "samples": 4001.0,
    "final_p1": 0.9843529020089292,
    "final_p0": 0.01564709799107078,
    "mean_excited": 0.9770219348940695
  }
}