{
  "schema_version": "1.0",
  "t_end": 214.1025641025641,
  "channels": [
    {
      "name": "RO0",
      "pulses": [
        {
          "t0": 14.102564102564102,
          "t1": 214.1025641025641,
          "amp": 0.8,
          "shape": "readout",
          "params": {},
          "carrier": {
            "freq": 6500000000.0,
            "phase": 0.0
          }
        }
      ]
    },
    {
      "name": "XY0",
      "pulses": [
        {
          "t0": 0.0,
          "t1": 14.102564102564102,
          "amp": 1.0,
          "shape": "gaussian",
          "params": {
            "sigma": 2.3504273504273505
          },
          "carrier": {
            "freq": 5000000000.0,
            "phase": 0.0
          }
        }
      ]
    }
  ]
}