{
  "schema_version": "1.0",
  "values": {
    "samples": 4001.0,
    "final_p1": 0.0004252532567791689,
    "final_p0": 0.9995747467432208,
    "mean_excited": 0.028785101269494056
  }
}