{
  "schema_version": "1.0",
  "values": {
    "samples": 4001.0,
    "final_p1": 0.6070459378355445,
    "final_p0": 0.3929540621644555,
    "mean_excited": 0.5964868426982037
  }
}