{
  "schema_version": "1.0",
  "values": {
    "samples": 4001.0,
    "final_p1": 0.9153917602387448,
    "final_p0": 0.0846082397612552,
    "mean_excited": 0.8956992209453004
  }
}