{
  "schema_version": "1.0",
  "t_end": 248.84422110552765,
  "channels": [
    {
      "name": "RO0",
      "pulses": [
        {
          "t0": 48.84422110552764,
          "t1": 248.84422110552765,
          "amp": 0.8,
          "shape": "readout",
          "params": {},
          "carrier": {
            "freq": 6500000000.0,
            "phase": 0.0
          }
        }
      ]
    },
    {
      "name": "XY0",
      "pulses": [
        {
          "t0": 0.0,
          "t1": 48.84422110552764,
          "amp": 1.0,
          "shape": "gaussian",
          "params": {
            "sigma": 8.140703517587939
          },
          "carrier": {
            "freq": 5000000000.0,
            "phase": 0.0
          }
        }
      ]
    }
  ]
}