{
  "schema_version": "1.0",
  "values": {
    "samples": 4001.0,
    "final_p1": 0.3456040111802777,
    "final_p0": 0.6543959888197223,
    "mean_excited": 0.3555505917727452
  }
}