{
  "schema_version": "1.0",
  "t_end": 316.4422110552764,
  "channels": [
    {
      "name": "RO0",
      "pulses": [
        {
          "t0": 116.44221105527639,
          "t1": 316.4422110552764,
          "amp": 0.8,
          "shape": "readout",
          "params": {},
          "carrier": {
            "freq": 6500000000.0,
            "phase": 0.0
          }
        }
      ]
    },
    {
      "name": "XY0",
      "pulses": [
        {
          "t0": 0.0,
          "t1": 116.44221105527639,
          "amp": 1.0,
          "shape": "gaussian",
          "params": {
            "sigma": 19.407035175879397
          },
          "carrier": {
            "freq": 5000000000.0,
            "phase": 0.0
          }
        }
      ]
    }
  ]
}