{
  "schema_version": "1.0",
  "values": {
    "samples": 4001.0,
    "final_p1": 0.8922500611602503,
    "final_p0": 0.1077499388397497,
    "mean_excited": 0.8500608116005226
  }
}