{
  "schema_version": "1.0",
  "t_end": 310.51256281407035,
  "channels": [
    {
      "name": "RO0",
      "pulses": [
        {
          "t0": 110.51256281407035,
          "t1": 310.51256281407035,
          "amp": 0.8,
          "shape": "readout",
          "params": {},
          "carrier": {
            "freq": 6500000000.0,
            "phase": 0.0
          }
        }
      ]
    },
    {
      "name": "XY0",
      "pulses": [
        {
          "t0": 0.0,
          "t1": 110.51256281407035,
          "amp": 1.0,
          "shape": "gaussian",
          "params": {
            "sigma": 18.418760469011726
          },
          "carrier": {
            "freq": 5000000000.0,
            "phase": 0.0
          }
        }
      ]
    }
  ]
}