{
  "schema_version": "1.0",
  "values": {
    "samples": 4001.0,
    "final_p1": 0.5589172773607558,
    "final_p0": 0.4410827226392442,
    "mean_excited": 0.5511113961575028
  }
}