{
  "schema_version": "1.0",
  "values": {
    "samples": 4001.0,
    "final_p1": 0.24161187770064915,
    "final_p0": 0.7583881222993508,
    "mean_excited": 0.24086163891444295
  }
}