{
  "schema_version": "1.0",
  "values": {
    "samples": 4001.0,
    "final_p1": 0.3468244669664696,
    "final_p0": 0.6531755330335304,
    "mean_excited": 0.3455300332185298
  }
}