{
  "schema_version": "1.0",
  "values": {
    "samples": 4001.0,
    "final_p1": 0.11501995373505418,
    "final_p0": 0.8849800462649459,
    "mean_excited": 0.11896506321651257
  }
}