{
  "schema_version": "1.0",
  "t_end": 234.02010050251255,
  "channels": [
    {
      "name": "RO0",
      "pulses": [
        {
          "t0": 34.02010050251256,
          "t1": 234.02010050251255,
          "amp": 0.8,
          "shape": "readout",
          "params": {},
          "carrier": {
            "freq": 6500000000.0,
            "phase": 0.0
          }
        }
      ]
    },
    {
      "name": "XY0",
      "pulses": [
        {
          "t0": 0.0,
          "t1": 34.02010050251256,
          "amp": 1.0,
          "shape": "gaussian",
          "params": {
            "sigma": 5.67001675041876
          },
          "carrier": {
            "freq": 5000000000.0,
            "phase": 0.0
          }
        }
      ]
    }
  ]
}