{
  "schema_version": "1.0",
  "values": {
    "samples": 4001.0,
    "final_p1": 0.719685423363072,
    "final_p0": 0.28031457663692805,
    "mean_excited": 0.7009800169984851
  }
}