{
  "schema_version": "1.0",
  "t_end": 282.0502512562814,
  "channels": [
    {
      "name": "RO0",
      "pulses": [
        {
          "t0": 82.05025125628141,
          "t1": 282.0502512562814,
          "amp": 0.8,
          "shape": "readout",
          "params": {},
          "carrier": {
            "freq": 6500000000.0,
            "phase": 0.0
          }
        }
      ]
    },
    {
      "name": "XY0",
      "pulses": [
        {
          "t0": 0.0,
          "t1": 82.05025125628141,
          "amp": 1.0,
          "shape": "gaussian",
          "params": {
            "sigma": 13.675041876046903
          },
          "carrier": {
            "freq": 5000000000.0,
            "phase": 0.0
          }
        }
      ]
    }
  ]
}