{
  "schema_version": "1.0",
  "values": {
    "samples": 4001.0,
    "final_p1": 0.15520094514992805,
    "final_p0": 0.8447990548500719,
    "mean_excited": 0.17454739923754267
  }
}