{
  "schema_version": "1.0",
  "t_end": 287.97989949748745,
  "channels": [
    {
      "name": "RO0",
      "pulses": [
        {
          "t0": 87.97989949748744,
          "t1": 287.97989949748745,
          "amp": 0.8,
          "shape": "readout",
          "params": {},
          "carrier": {
            "freq": 6500000000.0,
            "phase": 0.0
          }
        }
      ]
    },
    {
      "name": "XY0",
      "pulses": [
        {
          "t0": 0.0,
          "t1": 87.97989949748744,
          "amp": 1.0,
          "shape": "gaussian",
          "params": {
            "sigma": 14.663316582914574
          },
          "carrier": {
            "freq": 5000000000.0,
            "phase": 0.0
          }
        }
      ]
    }
  ]
}