{
  "schema_version": "1.0",
  "values": {
    "samples": 4001.0,
    "final_p1": 0.22535637160172184,
    "final_p0": 0.7746436283982782,
    "mean_excited": 0.23395702605803387
  }
}