{
  "schema_version": "1.0",
  "t_end": 256.46153846153845,
  "channels": [
    {
      "name": "RO0",
      "pulses": [
        {
          "t0": 56.46153846153846,
          "t1": 256.46153846153845,
          "amp": 0.8,
          "shape": "readout",
          "params": {},
          "carrier": {
            "freq": 6500000000.0,
            "phase": 0.0
          }
        }
      ]
    },
    {
      "name": "XY0",
      "pulses": [
        {
          "t0": 0.0,
          "t1": 56.46153846153846,
          "amp": 1.0,
          "shape": "gaussian",
          "params": {
            "sigma": 9.41025641025641
          },
          "carrier": {
            "freq": 5000000000.0,
            "phase": 0.0
          }
        }
      ]
    }
  ]
}