{
  "schema_version": "1.0",
  "values": {
    "samples": 4001.0,
    "final_p1": 0.01953448503088196,
    "final_p0": 0.980465514969118,
    "mean_excited": 0.026546053631076823
  }
}