{
  "schema_version": "1.0",
  "values": {
    "samples": 4001.0,
    "final_p1": 0.23642917359807256,
    "final_p0": 0.7635708264019274,
    "mean_excited": 0.23570283206363257
  }
}