{
  "schema_version": "1.0",
  "values": {
    "samples": 4001.0,
    "final_p1": 0.6050447630997956,
    "final_p0": 0.3949552369002044,
    "mean_excited": 0.5941140622060654
  }
}