{
  "schema_version": "1.0",
  "values": {
    "samples": 4001.0,
    "final_p1": 0.806262623796319,
    "final_p0": 0.19373737620368103,
    "mean_excited": 0.7909094665954306
  }
}