{
  "schema_version": "1.0",
  "t_end": 250.4102564102564,
  "channels": [
    {
      "name": "RO0",
      "pulses": [
        {
          "t0": 50.41025641025641,
          "t1": 250.4102564102564,
          "amp": 0.8,
          "shape": "readout",
          "params": {},
          "carrier": {
            "freq": 6500000000.0,
            "phase": 0.0
          }
        }
      ]
    },
    {
      "name": "XY0",
      "pulses": [
        {
          "t0": 0.0,
          "t1": 50.41025641025641,
          "amp": 1.0,
          "shape": "gaussian",
          "params": {
            "sigma": 8.401709401709402
          },
          "carrier": {
            "freq": 5000000000.0,
            "phase": 0.0
          }
        }
      ]
    }
  ]
}