{
  "schema_version": "1.0",
  "values": {
    "samples": 20001.0,
    "final_p1": 0.14901215040035642,
    "final_p0": 0.8509878495996436,
    "mean_excited": 0.16386624822854595
  }
}