{
  "schema_version": "1.0",
  "values": {
    "samples": 4001.0,
    "final_p1": 0.06704626722130136,
    "final_p0": 0.9329537327786986,
    "mean_excited": 0.07316331002556799
  }
}