{
  "schema_version": "1.0",
  "values": {
    "samples": 4001.0,
    "final_p1": 0.18465472469870173,
    "final_p0": 0.8153452753012983,
    "mean_excited": 0.18855138719221154
  }
}