{
  "schema_version": "1.0",
  "values": {
    "samples": 4001.0,
    "final_p1": 0.36622642960359864,
    "final_p0": 0.6337735703964014,
    "mean_excited": 0.3629462112142203
  }
}