{
  "schema_version": "1.0",
  "t_end": 236.98492462311557,
  "channels": [
    {
      "name": "RO0",
      "pulses": [
        {
          "t0": 36.98492462311558,
          "t1": 236.98492462311557,
          "amp": 0.8,
          "shape": "readout",
          "params": {},
          "carrier": {
            "freq": 6500000000.0,
            "phase": 0.0
          }
        }
      ]
    },
    {
      "name": "XY0",
      "pulses": [
        {
          "t0": 0.0,
          "t1": 36.98492462311558,
          "amp": 1.0,
          "shape": "gaussian",
          "params": {
            "sigma": 6.164154103852597
          },
          "carrier": {
            "freq": 5000000000.0,
            "phase": 0.0
          }
        }
      ]
    }
  ]
}