{
  "schema_version": "1.0",
  "values": {
    "samples": 4001.0,
    "final_p1": 0.015732721941779385,
    "final_p0": 0.9842672780582206,
    "mean_excited": 0.031948967175136615
  }
}