{
  "schema_version": "1.0",
  "values": {
    "samples": 4001.0,
    "final_p1": 0.1490124252729083,
    "final_p0": 0.8509875747270916,
    "mean_excited": 0.1638486576318357
  }
}