{
  "schema_version": "1.0",
  "values": {
    "samples": 4001.0,
    "final_p1": 0.02009659282505414,
    "final_p0": 0.9799034071749458,
    "mean_excited": 0.04625049440250143
  }
}