{
  "schema_version": "1.0",
  "values": {
    "samples": 4001.0,
    "final_p1": 0.08899583537612143,
    "final_p0": 0.9110041646238786,
    "mean_excited": 0.10328328463289557
  }
}