{
  "schema_version": "1.0",
  "t_end": 258.3316582914573,
  "channels": [
    {
      "name": "RO0",
      "pulses": [
        {
          "t0": 58.33165829145729,
          "t1": 258.3316582914573,
          "amp": 0.8,
          "shape": "readout",
          "params": {},
          "carrier": {
            "freq": 6500000000.0,
            "phase": 0.0
          }
        }
      ]
    },
    {
      "name": "XY0",
      "pulses": [
        {
          "t0": 0.0,
          "t1": 58.33165829145729,
          "amp": 1.0,
          "shape": "gaussian",
          "params": {
            "sigma": 9.721943048576215
          },
          "carrier": {
            "freq": 5000000000.0,
            "phase": 0.0
          }
        }
      ]
    }
  ]
}