{
  "schema_version": "1.0",
  "values": {
    "samples": 4001.0,
    "final_p1": 0.9554353148365988,
    "final_p0": 0.044564685163401174,
    "mean_excited": 0.904402005486275
  }
}