{
  "schema_version": "1.0",
  "t_end": 305.1758793969849,
  "channels": [
    {
      "name": "RO0",
      "pulses": [
        {
          "t0": 105.17587939698493,
          "t1": 305.1758793969849,
          "amp": 0.8,
          "shape": "readout",
          "params": {},
          "carrier": {
            "freq": 6500000000.0,
            "phase": 0.0
          }
        }
      ]
    },
    {
      "name": "XY0",
      "pulses": [
        {
          "t0": 0.0,
          "t1": 105.17587939698493,
          "amp": 1.0,
          "shape": "gaussian",
          "params": {
            "sigma": 17.52931323283082
          },
          "carrier": {
            "freq": 5000000000.0,
            "phase": 0.0
          }
        }
      ]
    }
  ]
}