{
  "schema_version": "1.0",
  "values": {
    "samples": 4001.0,
    "final_p1": 0.9831015228584162,
    "final_p0": 0.016898477141583768,
    "mean_excited": 0.9604940817354392
  }
}