{
  "schema_version": "1.0",
  "t_end": 244.69346733668343,
  "channels": [
    {
      "name": "RO0",
      "pulses": [
        {
          "t0": 44.69346733668342,
          "t1": 244.69346733668343,
          "amp": 0.8,
          "shape": "readout",
          "params": {},
          "carrier": {
            "freq": 6500000000.0,
            "phase": 0.0
          }
        }
      ]
    },
    {
      "name": "XY0",
      "pulses": [
        {
          "t0": 0.0,
          "t1": 44.69346733668342,
          "amp": 1.0,
          "shape": "gaussian",
          "params": {
            "sigma": 7.44891122278057
          },
          "carrier": {
            "freq": 5000000000.0,
            "phase": 0.0
          }
        }
      ]
    }
  ]
}