{
  "schema_version": "1.0",
  "values": {
    "samples": 4001.0,
    "final_p1": 0.29477803453788265,
    "final_p0": 0.7052219654621174,
    "mean_excited": 0.30946635767951614
  }
}