{
  "schema_version": "1.0",
  "values": {
    "samples": 4001.0,
    "final_p1": 0.38337765513544564,
    "final_p0": 0.6166223448645544,
    "mean_excited": 0.3853524773174699
  }
}