{
  "schema_version": "1.0",
  "t_end": 254.77386934673368,
  "channels": [
    {
      "name": "RO0",
      "pulses": [
        {
          "t0": 54.77386934673367,
          "t1": 254.77386934673368,
          "amp": 0.8,
          "shape": "readout",
          "params": {},
          "carrier": {
            "freq": 6500000000.0,
            "phase": 0.0
          }
        }
      ]
    },
    {
      "name": "XY0",
      "pulses": [
        {
          "t0": 0.0,
          "t1": 54.77386934673367,
          "amp": 1.0,
          "shape": "gaussian",
          "params": {
            "sigma": 9.128978224455611
          },
          "carrier": {
            "freq": 5000000000.0,
            "phase": 0.0
          }
        }
      ]
    }
  ]
}