{
  "schema_version": "1.0",
  "values": {
    "samples": 4001.0,
    "final_p1": 0.6261328376098705,
    "final_p0": 0.3738671623901295,
    "mean_excited": 0.608018320140734
  }
}