{
  "schema_version": "1.0",
  "values": {
    "samples": 4001.0,
    "final_p1": 0.995167028552458,
    "final_p0": 0.004832971447542023,
    "mean_excited": 0.9721809482832614
  }
}