{
  "schema_version": "1.0",
  "t_end": 245.28643216080403,
  "channels": [
    {
      "name": "RO0",
      "pulses": [
        {
          "t0": 45.28643216080402,
          "t1": 245.28643216080403,
          "amp": 0.8,
          "shape": "readout",
          "params": {},
          "carrier": {
            "freq": 6500000000.0,
            "phase": 0.0
          }
        }
      ]
    },
    {
      "name": "XY0",
      "pulses": [
        {
          "t0": 0.0,
          "t1": 45.28643216080402,
          "amp": 1.0,
          "shape": "gaussian",
          "params": {
            "sigma": 7.547738693467337
          },
          "carrier": {
            "freq": 5000000000.0,
            "phase": 0.0
          }
        }
      ]
    }
  ]
}