{
  "schema_version": "1.0",
  "values": {
    "samples": 4001.0,
    "final_p1": 0.937863443492086,
    "final_p0": 0.062136556507914054,
    "mean_excited": 0.916735198521886
  }
}