{
  "schema_version": "1.0",
  "t_end": 243.5075376884422,
  "channels": [
    {
      "name": "RO0",
      "pulses": [
        {
          "t0": 43.50753768844221,
          "t1": 243.5075376884422,
          "amp": 0.8,
          "shape": "readout",
          "params": {},
          "carrier": {
            "freq": 6500000000.0,
            "phase": 0.0
          }
        }
      ]
    },
    {
      "name": "XY0",
      "pulses": [
        {
          "t0": 0.0,
          "t1": 43.50753768844221,
          "amp": 1.0,
          "shape": "gaussian",
          "params": {
            "sigma": 7.251256281407035
          },
          "carrier": {
            "freq": 5000000000.0,
            "phase": 0.0
          }
        }
      ]
    }
  ]
}