{
  "schema_version": "1.0",
  "values": {
    "samples": 4001.0,
    "final_p1": 0.09017248114794049,
    "final_p0": 0.9098275188520595,
    "mean_excited": 0.10200257993241274
  }
}