{
  "schema_version": "1.0",
  "values": {
    "samples": 4001.0,
    "final_p1": 0.9052912831724828,
    "final_p0": 0.09470871682751725,
    "mean_excited": 0.885232208062406
  }
}