{
  "schema_version": "1.0",
  "values": {
    "samples": 4001.0,
    "final_p1": 0.5194364937729502,
    "final_p0": 0.4805635062270498,
    "mean_excited": 0.5157575720943938
  }
}