{
  "schema_version": "1.0",
  "values": {
    "samples": 4001.0,
    "final_p1": 0.40617857984757666,
    "final_p0": 0.5938214201524233,
    "mean_excited": 0.4045296855469023
  }
}