{
  "schema_version": "1.0",
  "t_end": 206.74371859296483,
  "channels": [
    {
      "name": "RO0",
      "pulses": [
        {
          "t0": 6.743718592964824,
          "t1": 206.74371859296483,
          "amp": 0.8,
          "shape": "readout",
          "params": {},
          "carrier": {
            "freq": 6500000000.0,
            "phase": 0.0
          }
        }
      ]
    },
    {
      "name": "XY0",
      "pulses": [
        {
          "t0": 0.0,
          "t1": 6.743718592964824,
          "amp": 1.0,
          "shape": "gaussian",
          "params": {
            "sigma": 1.1239530988274706
          },
          "carrier": {
            "freq": 5000000000.0,
            "phase": 0.0
          }
        }
      ]
    }
  ]
}