{
  "schema_version": "1.0",
  "values": {
    "samples": 4001.0,
    "final_p1": 0.44321862468203826,
    "final_p0": 0.5567813753179618,
    "mean_excited": 0.44269889015682795
  }
}