{
  "schema_version": "1.0",
  "t_end": 254.18090452261308,
  "channels": [
    {
      "name": "RO0",
      "pulses": [
        {
          "t0": 54.18090452261307,
          "t1": 254.18090452261308,
          "amp": 0.8,
          "shape": "readout",
          "params": {},
          "carrier": {
            "freq": 6500000000.0,
            "phase": 0.0
          }
        }
      ]
    },
    {
      "name": "XY0",
      "pulses": [
        {
          "t0": 0.0,
          "t1": 54.18090452261307,
          "amp": 1.0,
          "shape": "gaussian",
          "params": {
            "sigma": 9.030150753768845
          },
          "carrier": {
            "freq": 5000000000.0,
            "phase": 0.0
          }
        }
      ]
    }
  ]
}