{
  "schema_version": "1.0",
  "values": {
    "samples": 4001.0,
    "final_p1": 0.8061900119236783,
    "final_p0": 0.19380998807632166,
    "mean_excited": 0.7668801887555369
  }
}