{
  "schema_version": "1.0",
  "values": {
    "samples": 4001.0,
    "final_p1": 0.15667209076055422,
    "final_p0": 0.8433279092394458,
    "mean_excited": 0.15944293960923905
  }
}