{
  "schema_version": "1.0",
  "t_end": 234.61306532663318,
  "channels": [
    {
      "name": "RO0",
      "pulses": [
        {
          "t0": 34.61306532663317,
          "t1": 234.61306532663318,
          "amp": 0.8,
          "shape": "readout",
          "params": {},
          "carrier": {
            "freq": 6500000000.0,
            "phase": 0.0
          }
        }
      ]
    },
    {
      "name": "XY0",
      "pulses": [
        {
          "t0": 0.0,
          "t1": 34.61306532663317,
          "amp": 1.0,
          "shape": "gaussian",
          "params": {
            "sigma": 5.768844221105528
          },
          "carrier": {
            "freq": 5000000000.0,
            "phase": 0.0
          }
        }
      ]
    }
  ]
}