{
  "schema_version": "1.0",
  "values": {
    "samples": 1001.0,
    "final_p1": 0.9977915943291619,
    "final_p0": 0.0022084056708381317,
    "mean_excited": 0.8511374583908531
  }
}