{
  "qasm_parse": 6.279999979597051e-05,
  "backend_load": 0.0006795999997848412,
  "compile_pipeline": 1.5999999959603883e-05,
  "lowering": 2.6699999580159783e-05,
  "pulse_compile": 0.0006100999999034684,
  "pulse_npz_write": 0.0014095000005909242,
  "model_build": 0.00023329999930865597,
  "engine_run": 0.040527200000724406,
  "analysis_run": 0.00010469999870110769,
  "artifact_write": 0.009137500001088483,
  "dxf_export": 1.2999989849049598e-06,
  "manifest_write": 0.11904390000017884,
  "total": 0.17193930000030377
}