{
  "qasm_parse": 0.00020179999955871608,
  "backend_load": 0.0018042000010609627,
  "compile_pipeline": 3.279999873484485e-05,
  "lowering": 6.380000013450626e-05,
  "pulse_compile": 0.0018731000000116182,
  "pulse_npz_write": 0.0017253999994863989,
  "model_build": 0.0002807000000757398,
  "engine_run": 1.0417907999999443,
  "analysis_run": 9.940000018104911e-05,
  "artifact_write": 0.021211000001130742,
  "dxf_export": 8.999995770864189e-07,
  "manifest_write": 0.19507049999992887,
  "total": 1.2643356999997195
}