{
  "schema_version": "1.0",
  "t_end": 232.25641025641025,
  "channels": [
    {
      "name": "RO0",
      "pulses": [
        {
          "t0": 32.256410256410255,
          "t1": 232.25641025641025,
          "amp": 0.8,
          "shape": "readout",
          "params": {},
          "carrier": {
            "freq": 6500000000.0,
            "phase": 0.0
          }
        }
      ]
    },
    {
      "name": "XY0",
      "pulses": [
        {
          "t0": 0.0,
          "t1": 32.256410256410255,
          "amp": 1.0,
          "shape": "gaussian",
          "params": {
            "sigma": 5.376068376068376
          },
          "carrier": {
            "freq": 5000000000.0,
            "phase": 0.0
          }
        }
      ]
    }
  ]
}