{
  "schema_version": "1.0",
  "values": {
    "samples": 4001.0,
    "final_p1": 0.5391237970639933,
    "final_p0": 0.46087620293600673,
    "mean_excited": 0.5365599242036385
  }
}