{
  "schema_version": "1.0",
  "t_end": 208.05128205128204,
  "channels": [
    {
      "name": "RO0",
      "pulses": [
        {
          "t0": 8.051282051282051,
          "t1": 208.05128205128204,
          "amp": 0.8,
          "shape": "readout",
          "params": {},
          "carrier": {
            "freq": 6500000000.0,
            "phase": 0.0
          }
        }
      ]
    },
    {
      "name": "XY0",
      "pulses": [
        {
          "t0": 0.0,
          "t1": 8.051282051282051,
          "amp": 1.0,
          "shape": "gaussian",
          "params": {
            "sigma": 1.3418803418803418
          },
          "carrier": {
            "freq": 5000000000.0,
            "phase": 0.0
          }
        }
      ]
    }
  ]
}