{
  "schema_version": "1.0",
  "values": {
    "samples": 4001.0,
    "final_p1": 0.04937293592302834,
    "final_p0": 0.9506270640769716,
    "mean_excited": 0.0755153187229035
  }
}