{
  "schema_version": "1.0",
  "values": {
    "samples": 4001.0,
    "final_p1": 0.32523325564008615,
    "final_p0": 0.6747667443599139,
    "mean_excited": 0.3296414608519309
  }
}