{
  "schema_version": "1.0",
  "t_end": 255.36683417085428,
  "channels": [
    {
      "name": "RO0",
      "pulses": [
        {
          "t0": 55.366834170854275,
          "t1": 255.36683417085428,
          "amp": 0.8,
          "shape": "readout",
          "params": {},
          "carrier": {
            "freq": 6500000000.0,
            "phase": 0.0
          }
        }
      ]
    },
    {
      "name": "XY0",
      "pulses": [
        {
          "t0": 0.0,
          "t1": 55.366834170854275,
          "amp": 1.0,
          "shape": "gaussian",
          "params": {
            "sigma": 9.22780569514238
          },
          "carrier": {
            "freq": 5000000000.0,
            "phase": 0.0
          }
        }
      ]
    }
  ]
}