{
  "schema_version": "1.0",
  "values": {
    "samples": 4001.0,
    "final_p1": 0.4027544948564024,
    "final_p0": 0.5972455051435976,
    "mean_excited": 0.4027826275969624
  }
}