{
  "schema_version": "1.0",
  "values": {
    "samples": 4001.0,
    "final_p1": 0.4045675746337138,
    "final_p0": 0.5954324253662862,
    "mean_excited": 0.39810735899700195
  }
}