{
  "schema_version": "1.0",
  "values": {
    "samples": 20001.0,
    "final_p1": 0.22535591942122601,
    "final_p0": 0.774644080578774,
    "mean_excited": 0.2339807928168022
  }
}