{
  "schema_version": "1.0",
  "values": {
    "samples": 4001.0,
    "final_p1": 0.646309125084293,
    "final_p0": 0.35369087491570705,
    "mean_excited": 0.6428797073225136
  }
}