{
  "schema_version": "1.0",
  "values": {
    "samples": 4001.0,
    "final_p1": 0.0074011726880676785,
    "final_p0": 0.9925988273119323,
    "mean_excited": 0.034847294939129914
  }
}