{
  "schema_version": "1.0",
  "t_end": 292.7692307692308,
  "channels": [
    {
      "name": "RO0",
      "pulses": [
        {
          "t0": 92.76923076923077,
          "t1": 292.7692307692308,
          "amp": 0.8,
          "shape": "readout",
          "params": {},
          "carrier": {
            "freq": 6500000000.0,
            "phase": 0.0
          }
        }
      ]
    },
    {
      "name": "XY0",
      "pulses": [
        {
          "t0": 0.0,
          "t1": 92.76923076923077,
          "amp": 1.0,
          "shape": "gaussian",
          "params": {
            "sigma": 15.461538461538462
          },
          "carrier": {
            "freq": 5000000000.0,
            "phase": 0.0
          }
        }
      ]
    }
  ]
}