{
  "schema_version": "1.0",
  "values": {
    "samples": 4001.0,
    "final_p1": 0.6839067200182427,
    "final_p0": 0.3160932799817573,
    "mean_excited": 0.6625562929377495
  }
}