{
  "schema_version": "1.0",
  "t_end": 270.78391959798995,
  "channels": [
    {
      "name": "RO0",
      "pulses": [
        {
          "t0": 70.78391959798995,
          "t1": 270.78391959798995,
          "amp": 0.8,
          "shape": "readout",
          "params": {},
          "carrier": {
            "freq": 6500000000.0,
            "phase": 0.0
          }
        }
      ]
    },
    {
      "name": "XY0",
      "pulses": [
        {
          "t0": 0.0,
          "t1": 70.78391959798995,
          "amp": 1.0,
          "shape": "gaussian",
          "params": {
            "sigma": 11.797319932998326
          },
          "carrier": {
            "freq": 5000000000.0,
            "phase": 0.0
          }
        }
      ]
    }
  ]
}