{
  "schema_version": "1.0",
  "values": {
    "samples": 4001.0,
    "final_p1": 0.8046311478103993,
    "final_p0": 0.19536885218960065,
    "mean_excited": 0.7986099096171856
  }
}