{
  "schema_version": "1.0",
  "values": {
    "samples": 4001.0,
    "final_p1": 0.5058747339054727,
    "final_p0": 0.49412526609452734,
    "mean_excited": 0.49448686267615916
  }
}