{
  "schema_version": "1.0",
  "values": {
    "samples": 20001.0,
    "final_p1": 0.9888191509817282,
    "final_p0": 0.011180849018271766,
    "mean_excited": 0.9515524781548259
  }
}