{
  "schema_version": "1.0",
  "values": {
    "samples": 4001.0,
    "final_p1": 0.946992555720064,
    "final_p0": 0.05300744427993598,
    "mean_excited": 0.9110315134247154
  }
}