{
  "schema_version": "1.0",
  "t_end": 274.3417085427136,
  "channels": [
    {
      "name": "RO0",
      "pulses": [
        {
          "t0": 74.34170854271358,
          "t1": 274.3417085427136,
          "amp": 0.8,
          "shape": "readout",
          "params": {},
          "carrier": {
            "freq": 6500000000.0,
            "phase": 0.0
          }
        }
      ]
    },
    {
      "name": "XY0",
      "pulses": [
        {
          "t0": 0.0,
          "t1": 74.34170854271358,
          "amp": 1.0,
          "shape": "gaussian",
          "params": {
            "sigma": 12.390284757118929
          },
          "carrier": {
            "freq": 5000000000.0,
            "phase": 0.0
          }
        }
      ]
    }
  ]
}