{
  "schema_version": "1.0",
  "values": {
    "samples": 4001.0,
    "final_p1": 0.5255470215265686,
    "final_p0": 0.4744529784734314,
    "mean_excited": 0.5091218895221035
  }
}