{
  "schema_version": "1.0",
  "values": {
    "samples": 4001.0,
    "final_p1": 0.7035757795697004,
    "final_p0": 0.2964242204302996,
    "mean_excited": 0.6996326558839497
  }
}