{
  "schema_version": "1.0",
  "t_end": 209.70854271356785,
  "channels": [
    {
      "name": "RO0",
      "pulses": [
        {
          "t0": 9.708542713567839,
          "t1": 209.70854271356785,
          "amp": 0.8,
          "shape": "readout",
          "params": {},
          "carrier": {
            "freq": 6500000000.0,
            "phase": 0.0
          }
        }
      ]
    },
    {
      "name": "XY0",
      "pulses": [
        {
          "t0": 0.0,
          "t1": 9.708542713567839,
          "amp": 1.0,
          "shape": "gaussian",
          "params": {
            "sigma": 1.6180904522613064
          },
          "carrier": {
            "freq": 5000000000.0,
            "phase": 0.0
          }
        }
      ]
    }
  ]
}