{
  "schema_version": "1.0",
  "values": {
    "samples": 4001.0,
    "final_p1": 0.7558411420451449,
    "final_p0": 0.24415885795485515,
    "mean_excited": 0.7269012374344183
  }
}