{
  "schema_version": "1.0",
  "values": {
    "samples": 20001.0,
    "final_p1": 0.4214481974351066,
    "final_p0": 0.5785518025648935,
    "mean_excited": 0.4136354644163257
  }
}