{
  "schema_version": "1.0",
  "values": {
    "samples": 20001.0,
    "final_p1": 0.966202556005253,
    "final_p0": 0.033797443994747045,
    "mean_excited": 0.9585296743892671
  }
}