{
  "schema_version": "1.0",
  "values": {
    "samples": 4001.0,
    "final_p1": 0.9041287165101444,
    "final_p0": 0.09587128348985563,
    "mean_excited": 0.8728266467022687
  }
}