{
  "schema_version": "1.0",
  "values": {
    "samples": 4001.0,
    "final_p1": 0.006617414720537448,
    "final_p0": 0.9933825852794625,
    "mean_excited": 0.03415061832365221
  }
}