{
  "schema_version": "1.0",
  "values": {
    "samples": 4001.0,
    "final_p1": 0.34377344602052246,
    "final_p0": 0.6562265539794776,
    "mean_excited": 0.34481304520180317
  }
}