{
  "schema_version": "1.0",
  "t_end": 224.53266331658293,
  "channels": [
    {
      "name": "RO0",
      "pulses": [
        {
          "t0": 24.532663316582916,
          "t1": 224.53266331658293,
          "amp": 0.8,
          "shape": "readout",
          "params": {},
          "carrier": {
            "freq": 6500000000.0,
            "phase": 0.0
          }
        }
      ]
    },
    {
      "name": "XY0",
      "pulses": [
        {
          "t0": 0.0,
          "t1": 24.532663316582916,
          "amp": 1.0,
          "shape": "gaussian",
          "params": {
            "sigma": 4.088777219430486
          },
          "carrier": {
            "freq": 5000000000.0,
            "phase": 0.0
          }
        }
      ]
    }
  ]
}