{
  "schema_version": "1.0",
  "values": {
    "samples": 4001.0,
    "final_p1": 0.28909658398779847,
    "final_p0": 0.7109034160122015,
    "mean_excited": 0.30431364404857264
  }
}