{
  "schema_version": "1.0",
  "values": {
    "samples": 4001.0,
    "final_p1": 0.48624715742190744,
    "final_p0": 0.5137528425780926,
    "mean_excited": 0.4793823554219869
  }
}