{
  "schema_version": "1.0",
  "t_end": 238.1708542713568,
  "channels": [
    {
      "name": "RO0",
      "pulses": [
        {
          "t0": 38.17085427135679,
          "t1": 238.1708542713568,
          "amp": 0.8,
          "shape": "readout",
          "params": {},
          "carrier": {
            "freq": 6500000000.0,
            "phase": 0.0
          }
        }
      ]
    },
    {
      "name": "XY0",
      "pulses": [
        {
          "t0": 0.0,
          "t1": 38.17085427135679,
          "amp": 1.0,
          "shape": "gaussian",
          "params": {
            "sigma": 6.361809045226131
          },
          "carrier": {
            "freq": 5000000000.0,
            "phase": 0.0
          }
        }
      ]
    }
  ]
}