{
  "schema_version": "1.0",
  "values": {
    "samples": 4001.0,
    "final_p1": 0.40442566315336603,
    "final_p0": 0.595574336846634,
    "mean_excited": 0.40885684642044856
  }
}