{
  "schema_version": "1.0",
  "t_end": 315.8492462311558,
  "channels": [
    {
      "name": "RO0",
      "pulses": [
        {
          "t0": 115.84924623115577,
          "t1": 315.8492462311558,
          "amp": 0.8,
          "shape": "readout",
          "params": {},
          "carrier": {
            "freq": 6500000000.0,
            "phase": 0.0
          }
        }
      ]
    },
    {
      "name": "XY0",
      "pulses": [
        {
          "t0": 0.0,
          "t1": 115.84924623115577,
          "amp": 1.0,
          "shape": "gaussian",
          "params": {
            "sigma": 19.30820770519263
          },
          "carrier": {
            "freq": 5000000000.0,
            "phase": 0.0
          }
        }
      ]
    }
  ]
}