{
  "schema_version": "1.0",
  "values": {
    "samples": 4001.0,
    "final_p1": 0.503859063757096,
    "final_p0": 0.496140936242904,
    "mean_excited": 0.5008241571616291
  }
}