{
  "schema_version": "1.0",
  "t_end": 253.58793969849245,
  "channels": [
    {
      "name": "RO0",
      "pulses": [
        {
          "t0": 53.58793969849246,
          "t1": 253.58793969849245,
          "amp": 0.8,
          "shape": "readout",
          "params": {},
          "carrier": {
            "freq": 6500000000.0,
            "phase": 0.0
          }
        }
      ]
    },
    {
      "name": "XY0",
      "pulses": [
        {
          "t0": 0.0,
          "t1": 53.58793969849246,
          "amp": 1.0,
          "shape": "gaussian",
          "params": {
            "sigma": 8.931323283082078
          },
          "carrier": {
            "freq": 5000000000.0,
            "phase": 0.0
          }
        }
      ]
    }
  ]
}