{
  "schema_version": "1.0",
  "values": {
    "samples": 4001.0,
    "final_p1": 0.9990785839188427,
    "final_p0": 0.0009214160811572558,
    "mean_excited": 0.9452467948580782
  }
}