{
  "schema_version": "1.0",
  "t_end": 306.95477386934675,
  "channels": [
    {
      "name": "RO0",
      "pulses": [
        {
          "t0": 106.95477386934674,
          "t1": 306.95477386934675,
          "amp": 0.8,
          "shape": "readout",
          "params": {},
          "carrier": {
            "freq": 6500000000.0,
            "phase": 0.0
          }
        }
      ]
    },
    {
      "name": "XY0",
      "pulses": [
        {
          "t0": 0.0,
          "t1": 106.95477386934674,
          "amp": 1.0,
          "shape": "gaussian",
          "params": {
            "sigma": 17.825795644891123
          },
          "carrier": {
            "freq": 5000000000.0,
            "phase": 0.0
          }
        }
      ]
    }
  ]
}