{
  "schema_version": "1.0",
  "values": {
    "samples": 4001.0,
    "final_p1": 0.010161477463508834,
    "final_p0": 0.9898385225364912,
    "mean_excited": 0.03850834612552081
  }
}