{
  "schema_version": "1.0",
  "values": {
    "samples": 4001.0,
    "final_p1": 0.8505081381325482,
    "final_p0": 0.14949186186745178,
    "mean_excited": 0.8439193492671028
  }
}