{
  "schema_version": "1.0",
  "t_end": 219.1959798994975,
  "channels": [
    {
      "name": "RO0",
      "pulses": [
        {
          "t0": 19.195979899497488,
          "t1": 219.1959798994975,
          "amp": 0.8,
          "shape": "readout",
          "params": {},
          "carrier": {
            "freq": 6500000000.0,
            "phase": 0.0
          }
        }
      ]
    },
    {
      "name": "XY0",
      "pulses": [
        {
          "t0": 0.0,
          "t1": 19.195979899497488,
          "amp": 1.0,
          "shape": "gaussian",
          "params": {
            "sigma": 3.1993299832495814
          },
          "carrier": {
            "freq": 5000000000.0,
            "phase": 0.0
          }
        }
      ]
    }
  ]
}