{
  "schema_version": "1.0",
  "values": {
    "samples": 4001.0,
    "final_p1": 0.879874409098843,
    "final_p0": 0.12012559090115704,
    "mean_excited": 0.8475792074233984
  }
}