{
  "schema_version": "1.0",
  "t_end": 273.15577889447235,
  "channels": [
    {
      "name": "RO0",
      "pulses": [
        {
          "t0": 73.15577889447236,
          "t1": 273.15577889447235,
          "amp": 0.8,
          "shape": "readout",
          "params": {},
          "carrier": {
            "freq": 6500000000.0,
            "phase": 0.0
          }
        }
      ]
    },
    {
      "name": "XY0",
      "pulses": [
        {
          "t0": 0.0,
          "t1": 73.15577889447236,
          "amp": 1.0,
          "shape": "gaussian",
          "params": {
            "sigma": 12.192629815745393
          },
          "carrier": {
            "freq": 5000000000.0,
            "phase": 0.0
          }
        }
      ]
    }
  ]
}