{
  "schema_version": "1.0",
  "values": {
    "samples": 4001.0,
    "final_p1": 0.9416887759094281,
    "final_p0": 0.05831122409057188,
    "mean_excited": 0.8916872145413564
  }
}