{
  "schema_version": "1.0",
  "t_end": 304.87179487179486,
  "channels": [
    {
      "name": "RO0",
      "pulses": [
        {
          "t0": 104.87179487179486,
          "t1": 304.87179487179486,
          "amp": 0.8,
          "shape": "readout",
          "params": {},
          "carrier": {
            "freq": 6500000000.0,
            "phase": 0.0
          }
        }
      ]
    },
    {
      "name": "XY0",
      "pulses": [
        {
          "t0": 0.0,
          "t1": 104.87179487179486,
          "amp": 1.0,
          "shape": "gaussian",
          "params": {
            "sigma": 17.478632478632477
          },
          "carrier": {
            "freq": 5000000000.0,
            "phase": 0.0
          }
        }
      ]
    }
  ]
}