{
  "schema_version": "1.0",
  "values": {
    "samples": 4001.0,
    "final_p1": 0.9731338175269094,
    "final_p0": 0.026866182473090583,
    "mean_excited": 0.9508493618894532
  }
}