{
  "schema_version": "1.0",
  "values": {
    "samples": 4001.0,
    "final_p1": 0.07925073727567282,
    "final_p0": 0.9207492627243272,
    "mean_excited": 0.08419800077906388
  }
}