{
  "schema_version": "1.0",
  "t_end": 233.42713567839195,
  "channels": [
    {
      "name": "RO0",
      "pulses": [
        {
          "t0": 33.42713567839196,
          "t1": 233.42713567839195,
          "amp": 0.8,
          "shape": "readout",
          "params": {},
          "carrier": {
            "freq": 6500000000.0,
            "phase": 0.0
          }
        }
      ]
    },
    {
      "name": "XY0",
      "pulses": [
        {
          "t0": 0.0,
          "t1": 33.42713567839196,
          "amp": 1.0,
          "shape": "gaussian",
          "params": {
            "sigma": 5.5711892797319935
          },
          "carrier": {
            "freq": 5000000000.0,
            "phase": 0.0
          }
        }
      ]
    }
  ]
}