{
  "schema_version": "1.0",
  "values": {
    "samples": 20001.0,
    "final_p1": 0.7909477870542859,
    "final_p0": 0.20905221294571408,
    "mean_excited": 0.7746711848157827
  }
}