{
  "schema_version": "1.0",
  "values": {
    "samples": 4001.0,
    "final_p1": 0.5268122408290362,
    "final_p0": 0.4731877591709638,
    "mean_excited": 0.5243402740336409
  }
}