{
  "schema_version": "1.0",
  "t_end": 207.92964824120602,
  "channels": [
    {
      "name": "RO0",
      "pulses": [
        {
          "t0": 7.9296482412060305,
          "t1": 207.92964824120602,
          "amp": 0.8,
          "shape": "readout",
          "params": {},
          "carrier": {
            "freq": 6500000000.0,
            "phase": 0.0
          }
        }
      ]
    },
    {
      "name": "XY0",
      "pulses": [
        {
          "t0": 0.0,
          "t1": 7.9296482412060305,
          "amp": 1.0,
          "shape": "gaussian",
          "params": {
            "sigma": 1.321608040201005
          },
          "carrier": {
            "freq": 5000000000.0,
            "phase": 0.0
          }
        }
      ]
    }
  ]
}