{
  "schema_version": "1.0",
  "values": {
    "samples": 4001.0,
    "final_p1": 0.18623047538863097,
    "final_p0": 0.813769524611369,
    "mean_excited": 0.19792685781980235
  }
}