{
  "schema_version": "1.0",
  "t_end": 296.2814070351759,
  "channels": [
    {
      "name": "RO0",
      "pulses": [
        {
          "t0": 96.28140703517589,
          "t1": 296.2814070351759,
          "amp": 0.8,
          "shape": "readout",
          "params": {},
          "carrier": {
            "freq": 6500000000.0,
            "phase": 0.0
          }
        }
      ]
    },
    {
      "name": "XY0",
      "pulses": [
        {
          "t0": 0.0,
          "t1": 96.28140703517589,
          "amp": 1.0,
          "shape": "gaussian",
          "params": {
            "sigma": 16.046901172529314
          },
          "carrier": {
            "freq": 5000000000.0,
            "phase": 0.0
          }
        }
      ]
    }
  ]
}