{
  "schema_version": "1.0",
  "values": {
    "samples": 4001.0,
    "final_p1": 0.3424920057439319,
    "final_p0": 0.6575079942560681,
    "mean_excited": 0.3485452009850974
  }
}