{
  "qasm_parse": 5.55999999960477e-05,
  "backend_load": 0.0007162000001699198,
  "compile_pipeline": 1.2999999853491317e-05,
  "lowering": 2.4000000394153176e-05,
  "pulse_compile": 0.0006649999995715916,
  "pulse_npz_write": 0.0007410000002892048,
  "model_build": 0.0004633999997167848,
  "engine_run": 0.15879950000044118,
  "analysis_run": 0.0003137999997306906,
  "artifact_write": 0.010260900000048423,
  "dxf_export": 1.5999999050109182e-06,
  "manifest_write": 0.09635100000014063,
  "total": 0.26847129999987374
}