{
  "schema_version": "1.0",
  "values": {
    "samples": 4001.0,
    "final_p1": 0.18611989244029334,
    "final_p0": 0.8138801075597066,
    "mean_excited": 0.21084606763658387
  }
}