{
  "schema_version": "1.0",
  "t_end": 318.2211055276382,
  "channels": [
    {
      "name": "RO0",
      "pulses": [
        {
          "t0": 118.22110552763819,
          "t1": 318.2211055276382,
          "amp": 0.8,
          "shape": "readout",
          "params": {},
          "carrier": {
            "freq": 6500000000.0,
            "phase": 0.0
          }
        }
      ]
    },
    {
      "name": "XY0",
      "pulses": [
        {
          "t0": 0.0,
          "t1": 118.22110552763819,
          "amp": 1.0,
          "shape": "gaussian",
          "params": {
            "sigma": 19.703517587939697
          },
          "carrier": {
            "freq": 5000000000.0,
            "phase": 0.0
          }
        }
      ]
    }
  ]
}