engine,case,samples,final_p1,mean_p1,status,note
qutip,baseline,241,0.8645215369902217,0.5670899563863974,ok,
qutip,detuned,257,0.9590125971048707,0.6992979641236811,ok,
