{
  "schema_version": "1.0",
  "values": {
    "samples": 4001.0,
    "final_p1": 0.003566691868890602,
    "final_p0": 0.9964333081311094,
    "mean_excited": 0.0210606601660632
  }
}