{
  "schema_version": "1.0",
  "values": {
    "samples": 4001.0,
    "final_p1": 0.6448782752674979,
    "final_p0": 0.35512172473250214,
    "mean_excited": 0.6265552417346948
  }
}