{
  "schema_version": "1.0",
  "t_end": 313.4773869346734,
  "channels": [
    {
      "name": "RO0",
      "pulses": [
        {
          "t0": 113.47738693467338,
          "t1": 313.4773869346734,
          "amp": 0.8,
          "shape": "readout",
          "params": {},
          "carrier": {
            "freq": 6500000000.0,
            "phase": 0.0
          }
        }
      ]
    },
    {
      "name": "XY0",
      "pulses": [
        {
          "t0": 0.0,
          "t1": 113.47738693467338,
          "amp": 1.0,
          "shape": "gaussian",
          "params": {
            "sigma": 18.91289782244556
          },
          "carrier": {
            "freq": 5000000000.0,
            "phase": 0.0
          }
        }
      ]
    }
  ]
}