{
  "schema_version": "1.0",
  "values": {
    "samples": 4001.0,
    "final_p1": 0.9765314390280889,
    "final_p0": 0.02346856097191108,
    "mean_excited": 0.9686971717981882
  }
}