{
  "schema_version": "1.0",
  "t_end": 216.82412060301507,
  "channels": [
    {
      "name": "RO0",
      "pulses": [
        {
          "t0": 16.824120603015075,
          "t1": 216.82412060301507,
          "amp": 0.8,
          "shape": "readout",
          "params": {},
          "carrier": {
            "freq": 6500000000.0,
            "phase": 0.0
          }
        }
      ]
    },
    {
      "name": "XY0",
      "pulses": [
        {
          "t0": 0.0,
          "t1": 16.824120603015075,
          "amp": 1.0,
          "shape": "gaussian",
          "params": {
            "sigma": 2.8040201005025125
          },
          "carrier": {
            "freq": 5000000000.0,
            "phase": 0.0
          }
        }
      ]
    }
  ]
}