{
  "schema_version": "1.0",
  "values": {
    "samples": 4001.0,
    "final_p1": 0.10048167646521627,
    "final_p0": 0.8995183235347837,
    "mean_excited": 0.10596151768176898
  }
}