{
  "schema_version": "1.0",
  "t_end": 227.49748743718592,
  "channels": [
    {
      "name": "RO0",
      "pulses": [
        {
          "t0": 27.49748743718593,
          "t1": 227.49748743718592,
          "amp": 0.8,
          "shape": "readout",
          "params": {},
          "carrier": {
            "freq": 6500000000.0,
            "phase": 0.0
          }
        }
      ]
    },
    {
      "name": "XY0",
      "pulses": [
        {
          "t0": 0.0,
          "t1": 27.49748743718593,
          "amp": 1.0,
          "shape": "gaussian",
          "params": {
            "sigma": 4.582914572864322
          },
          "carrier": {
            "freq": 5000000000.0,
            "phase": 0.0
          }
        }
      ]
    }
  ]
}