{
  "schema_version": "1.0",
  "values": {
    "samples": 4001.0,
    "final_p1": 0.5665551201311071,
    "final_p0": 0.4334448798688929,
    "mean_excited": 0.551774259769341
  }
}