{
  "schema_version": "1.0",
  "values": {
    "samples": 4001.0,
    "final_p1": 0.9165128707717152,
    "final_p0": 0.08348712922828483,
    "mean_excited": 0.8822015719385613
  }
}