{
  "schema_version": "1.0",
  "t_end": 273.74874371859295,
  "channels": [
    {
      "name": "RO0",
      "pulses": [
        {
          "t0": 73.74874371859296,
          "t1": 273.74874371859295,
          "amp": 0.8,
          "shape": "readout",
          "params": {},
          "carrier": {
            "freq": 6500000000.0,
            "phase": 0.0
          }
        }
      ]
    },
    {
      "name": "XY0",
      "pulses": [
        {
          "t0": 0.0,
          "t1": 73.74874371859296,
          "amp": 1.0,
          "shape": "gaussian",
          "params": {
            "sigma": 12.291457286432161
          },
          "carrier": {
            "freq": 5000000000.0,
            "phase": 0.0
          }
        }
      ]
    }
  ]
}