{
  "schema_version": "1.0",
  "values": {
    "samples": 4001.0,
    "final_p1": 0.3643681164459874,
    "final_p0": 0.6356318835540127,
    "mean_excited": 0.36971762004066283
  }
}