{
  "schema_version": "1.0",
  "values": {
    "samples": 4001.0,
    "final_p1": 0.46466291675228794,
    "final_p0": 0.535337083247712,
    "mean_excited": 0.46342355161598886
  }
}