{
  "schema_version": "1.0",
  "values": {
    "samples": 4001.0,
    "final_p1": 1.0585255681714574e-06,
    "final_p0": 0.9999989414744318,
    "mean_excited": 0.017448160674258497
  }
}