{
  "schema_version": "1.0",
  "values": {
    "samples": 4001.0,
    "final_p1": 0.1712182219645981,
    "final_p0": 0.8287817780354019,
    "mean_excited": 0.1784849364788186
  }
}