{
  "schema_version": "1.0",
  "t_end": 265.4472361809045,
  "channels": [
    {
      "name": "RO0",
      "pulses": [
        {
          "t0": 65.44723618090453,
          "t1": 265.4472361809045,
          "amp": 0.8,
          "shape": "readout",
          "params": {},
          "carrier": {
            "freq": 6500000000.0,
            "phase": 0.0
          }
        }
      ]
    },
    {
      "name": "XY0",
      "pulses": [
        {
          "t0": 0.0,
          "t1": 65.44723618090453,
          "amp": 1.0,
          "shape": "gaussian",
          "params": {
            "sigma": 10.90787269681742
          },
          "carrier": {
            "freq": 5000000000.0,
            "phase": 0.0
          }
        }
      ]
    }
  ]
}