{
  "schema_version": "1.0",
  "values": {
    "samples": 4001.0,
    "final_p1": 0.9553741857513408,
    "final_p0": 0.04462581424865919,
    "mean_excited": 0.9068456888978222
  }
}