{
  "schema_version": "1.0",
  "values": {
    "samples": 4001.0,
    "final_p1": 0.4663585534633824,
    "final_p0": 0.5336414465366176,
    "mean_excited": 0.46431620781215693
  }
}