{
  "schema_version": "1.0",
  "t_end": 207.33668341708542,
  "channels": [
    {
      "name": "RO0",
      "pulses": [
        {
          "t0": 7.336683417085427,
          "t1": 207.33668341708542,
          "amp": 0.8,
          "shape": "readout",
          "params": {},
          "carrier": {
            "freq": 6500000000.0,
            "phase": 0.0
          }
        }
      ]
    },
    {
      "name": "XY0",
      "pulses": [
        {
          "t0": 0.0,
          "t1": 7.336683417085427,
          "amp": 1.0,
          "shape": "gaussian",
          "params": {
            "sigma": 1.222780569514238
          },
          "carrier": {
            "freq": 5000000000.0,
            "phase": 0.0
          }
        }
      ]
    }
  ]
}