{
  "schema_version": "1.0",
  "values": {
    "samples": 4001.0,
    "final_p1": 0.8361984014780072,
    "final_p0": 0.16380159852199283,
    "mean_excited": 0.81964846984376
  }
}