{
  "schema_version": "1.0",
  "t_end": 250.03015075376885,
  "channels": [
    {
      "name": "RO0",
      "pulses": [
        {
          "t0": 50.030150753768844,
          "t1": 250.03015075376885,
          "amp": 0.8,
          "shape": "readout",
          "params": {},
          "carrier": {
            "freq": 6500000000.0,
            "phase": 0.0
          }
        }
      ]
    },
    {
      "name": "XY0",
      "pulses": [
        {
          "t0": 0.0,
          "t1": 50.030150753768844,
          "amp": 1.0,
          "shape": "gaussian",
          "params": {
            "sigma": 8.338358458961475
          },
          "carrier": {
            "freq": 5000000000.0,
            "phase": 0.0
          }
        }
      ]
    }
  ]
}