{
  "schema_version": "1.0",
  "values": {
    "samples": 4001.0,
    "final_p1": 0.8229154405149991,
    "final_p0": 0.1770845594850009,
    "mean_excited": 0.8055346542958105
  }
}