{
  "schema_version": "1.0",
  "values": {
    "samples": 4001.0,
    "final_p1": 0.07814308773115283,
    "final_p0": 0.9218569122688471,
    "mean_excited": 0.10249173531637501
  }
}