{
  "schema_version": "1.0",
  "t_end": 289.16582914572865,
  "channels": [
    {
      "name": "RO0",
      "pulses": [
        {
          "t0": 89.16582914572865,
          "t1": 289.16582914572865,
          "amp": 0.8,
          "shape": "readout",
          "params": {},
          "carrier": {
            "freq": 6500000000.0,
            "phase": 0.0
          }
        }
      ]
    },
    {
      "name": "XY0",
      "pulses": [
        {
          "t0": 0.0,
          "t1": 89.16582914572865,
          "amp": 1.0,
          "shape": "gaussian",
          "params": {
            "sigma": 14.860971524288109
          },
          "carrier": {
            "freq": 5000000000.0,
            "phase": 0.0
          }
        }
      ]
    }
  ]
}