{
  "schema_version": "1.0",
  "values": {
    "samples": 20001.0,
    "final_p1": 0.9588593023956343,
    "final_p0": 0.04114069760436567,
    "mean_excited": 0.9223573434529124
  }
}