{
  "schema_version": "1.0",
  "t_end": 274.61538461538464,
  "channels": [
    {
      "name": "RO0",
      "pulses": [
        {
          "t0": 74.61538461538461,
          "t1": 274.61538461538464,
          "amp": 0.8,
          "shape": "readout",
          "params": {},
          "carrier": {
            "freq": 6500000000.0,
            "phase": 0.0
          }
        }
      ]
    },
    {
      "name": "XY0",
      "pulses": [
        {
          "t0": 0.0,
          "t1": 74.61538461538461,
          "amp": 1.0,
          "shape": "gaussian",
          "params": {
            "sigma": 12.435897435897436
          },
          "carrier": {
            "freq": 5000000000.0,
            "phase": 0.0
          }
        }
      ]
    }
  ]
}