{
  "schema_version": "1.0",
  "values": {
    "samples": 4001.0,
    "final_p1": 0.9269843730436397,
    "final_p0": 0.07301562695636032,
    "mean_excited": 0.8813407281019876
  }
}