{
  "schema_version": "1.0",
  "values": {
    "samples": 4001.0,
    "final_p1": 0.9561382685949649,
    "final_p0": 0.04386173140503513,
    "mean_excited": 0.9492916669760479
  }
}