{
  "schema_version": "1.0",
  "t_end": 213.26633165829145,
  "channels": [
    {
      "name": "RO0",
      "pulses": [
        {
          "t0": 13.266331658291458,
          "t1": 213.26633165829145,
          "amp": 0.8,
          "shape": "readout",
          "params": {},
          "carrier": {
            "freq": 6500000000.0,
            "phase": 0.0
          }
        }
      ]
    },
    {
      "name": "XY0",
      "pulses": [
        {
          "t0": 0.0,
          "t1": 13.266331658291458,
          "amp": 1.0,
          "shape": "gaussian",
          "params": {
            "sigma": 2.21105527638191
          },
          "carrier": {
            "freq": 5000000000.0,
            "phase": 0.0
          }
        }
      ]
    }
  ]
}