{
  "schema_version": "1.0",
  "values": {
    "samples": 4001.0,
    "final_p1": 0.9368740249532498,
    "final_p0": 0.06312597504675022,
    "mean_excited": 0.9032913284394863
  }
}