{
  "schema_version": "1.0",
  "values": {
    "samples": 4001.0,
    "final_p1": 0.46480453475883676,
    "final_p0": 0.5351954652411632,
    "mean_excited": 0.45337670241233696
  }
}