{
  "schema_version": "1.0",
  "t_end": 299.2462311557789,
  "channels": [
    {
      "name": "RO0",
      "pulses": [
        {
          "t0": 99.2462311557789,
          "t1": 299.2462311557789,
          "amp": 0.8,
          "shape": "readout",
          "params": {},
          "carrier": {
            "freq": 6500000000.0,
            "phase": 0.0
          }
        }
      ]
    },
    {
      "name": "XY0",
      "pulses": [
        {
          "t0": 0.0,
          "t1": 99.2462311557789,
          "amp": 1.0,
          "shape": "gaussian",
          "params": {
            "sigma": 16.54103852596315
          },
          "carrier": {
            "freq": 5000000000.0,
            "phase": 0.0
          }
        }
      ]
    }
  ]
}