{
  "schema_version": "1.0",
  "values": {
    "samples": 4001.0,
    "final_p1": 0.14123148185464504,
    "final_p0": 0.8587685181453549,
    "mean_excited": 0.1700381674861328
  }
}