{
  "schema_version": "1.0",
  "values": {
    "samples": 4001.0,
    "final_p1": 0.9920526284971517,
    "final_p0": 0.0079473715028483,
    "mean_excited": 0.9845571433694924
  }
}