{
  "schema_version": "1.0",
  "t_end": 214.45226130653268,
  "channels": [
    {
      "name": "RO0",
      "pulses": [
        {
          "t0": 14.452261306532664,
          "t1": 214.45226130653268,
          "amp": 0.8,
          "shape": "readout",
          "params": {},
          "carrier": {
            "freq": 6500000000.0,
            "phase": 0.0
          }
        }
      ]
    },
    {
      "name": "XY0",
      "pulses": [
        {
          "t0": 0.0,
          "t1": 14.452261306532664,
          "amp": 1.0,
          "shape": "gaussian",
          "params": {
            "sigma": 2.408710217755444
          },
          "carrier": {
            "freq": 5000000000.0,
            "phase": 0.0
          }
        }
      ]
    }
  ]
}