{
  "schema_version": "1.0",
  "values": {
    "samples": 4001.0,
    "final_p1": 0.4238107155052431,
    "final_p0": 0.5761892844947569,
    "mean_excited": 0.4251450010075673
  }
}