{
  "schema_version": "1.0",
  "t_end": 285.0150753768844,
  "channels": [
    {
      "name": "RO0",
      "pulses": [
        {
          "t0": 85.01507537688443,
          "t1": 285.0150753768844,
          "amp": 0.8,
          "shape": "readout",
          "params": {},
          "carrier": {
            "freq": 6500000000.0,
            "phase": 0.0
          }
        }
      ]
    },
    {
      "name": "XY0",
      "pulses": [
        {
          "t0": 0.0,
          "t1": 85.01507537688443,
          "amp": 1.0,
          "shape": "gaussian",
          "params": {
            "sigma": 14.169179229480738
          },
          "carrier": {
            "freq": 5000000000.0,
            "phase": 0.0
          }
        }
      ]
    }
  ]
}