{
  "schema_version": "1.0",
  "values": {
    "samples": 1001.0,
    "final_p1": 0.8924690107809674,
    "final_p0": 0.10753098921903259,
    "final_q0_excited": 0.8924690107809674,
    "final_q1_excited": 0.39561967052977215,
    "mean_excited": 0.6308716419849294
  }
}