{
  "schema_version": "1.0",
  "values": {
    "samples": 4001.0,
    "final_p1": 0.4214381795628472,
    "final_p0": 0.5785618204371528,
    "mean_excited": 0.41358570639491515
  }
}