{
  "schema_version": "1.0",
  "t_end": 298.8205128205128,
  "channels": [
    {
      "name": "RO0",
      "pulses": [
        {
          "t0": 98.82051282051282,
          "t1": 298.8205128205128,
          "amp": 0.8,
          "shape": "readout",
          "params": {},
          "carrier": {
            "freq": 6500000000.0,
            "phase": 0.0
          }
        }
      ]
    },
    {
      "name": "XY0",
      "pulses": [
        {
          "t0": 0.0,
          "t1": 98.82051282051282,
          "amp": 1.0,
          "shape": "gaussian",
          "params": {
            "sigma": 16.47008547008547
          },
          "carrier": {
            "freq": 5000000000.0,
            "phase": 0.0
          }
        }
      ]
    }
  ]
}