{
  "schema_version": "1.0",
  "values": {
    "samples": 4001.0,
    "final_p1": 0.9999220211468836,
    "final_p0": 7.797885311644492e-05,
    "mean_excited": 0.9768152328610421
  }
}