{
  "schema_version": "1.0",
  "values": {
    "samples": 4001.0,
    "final_p1": 0.16967455470182238,
    "final_p0": 0.8303254452981776,
    "mean_excited": 0.18061029536056397
  }
}