{
  "schema_version": "1.0",
  "t_end": 257.1457286432161,
  "channels": [
    {
      "name": "RO0",
      "pulses": [
        {
          "t0": 57.14572864321608,
          "t1": 257.1457286432161,
          "amp": 0.8,
          "shape": "readout",
          "params": {},
          "carrier": {
            "freq": 6500000000.0,
            "phase": 0.0
          }
        }
      ]
    },
    {
      "name": "XY0",
      "pulses": [
        {
          "t0": 0.0,
          "t1": 57.14572864321608,
          "amp": 1.0,
          "shape": "gaussian",
          "params": {
            "sigma": 9.52428810720268
          },
          "carrier": {
            "freq": 5000000000.0,
            "phase": 0.0
          }
        }
      ]
    }
  ]
}