{
  "schema_version": "1.0",
  "values": {
    "samples": 4001.0,
    "final_p1": 0.8518789963819281,
    "final_p0": 0.1481210036180719,
    "mean_excited": 0.8089062707885538
  }
}