{
  "schema_version": "1.0",
  "t_end": 303.3969849246231,
  "channels": [
    {
      "name": "RO0",
      "pulses": [
        {
          "t0": 103.39698492462311,
          "t1": 303.3969849246231,
          "amp": 0.8,
          "shape": "readout",
          "params": {},
          "carrier": {
            "freq": 6500000000.0,
            "phase": 0.0
          }
        }
      ]
    },
    {
      "name": "XY0",
      "pulses": [
        {
          "t0": 0.0,
          "t1": 103.39698492462311,
          "amp": 1.0,
          "shape": "gaussian",
          "params": {
            "sigma": 17.23283082077052
          },
          "carrier": {
            "freq": 5000000000.0,
            "phase": 0.0
          }
        }
      ]
    }
  ]
}