{
  "schema_version": "1.0",
  "values": {
    "samples": 4001.0,
    "final_p1": 0.9975033142317725,
    "final_p0": 0.00249668576822748,
    "mean_excited": 0.9590665513183205
  }
}