{
  "schema_version": "1.0",
  "t_end": 276.1206030150754,
  "channels": [
    {
      "name": "RO0",
      "pulses": [
        {
          "t0": 76.12060301507537,
          "t1": 276.1206030150754,
          "amp": 0.8,
          "shape": "readout",
          "params": {},
          "carrier": {
            "freq": 6500000000.0,
            "phase": 0.0
          }
        }
      ]
    },
    {
      "name": "XY0",
      "pulses": [
        {
          "t0": 0.0,
          "t1": 76.12060301507537,
          "amp": 1.0,
          "shape": "gaussian",
          "params": {
            "sigma": 12.686767169179229
          },
          "carrier": {
            "freq": 5000000000.0,
            "phase": 0.0
          }
        }
      ]
    }
  ]
}