{
  "schema_version": "1.0",
  "values": {
    "samples": 4001.0,
    "final_p1": 0.03324306791294731,
    "final_p0": 0.9667569320870527,
    "mean_excited": 0.048377797729528195
  }
}