{
  "schema_version": "1.0",
  "values": {
    "samples": 4001.0,
    "final_p1": 0.027076135516938285,
    "final_p0": 0.9729238644830617,
    "mean_excited": 0.03349303654070428
  }
}