{
  "schema_version": "1.0",
  "values": {
    "samples": 20001.0,
    "final_p1": 0.020856923278490622,
    "final_p0": 0.9791430767215094,
    "mean_excited": 0.027848018088130075
  }
}