{
  "schema_version": "1.0",
  "values": {
    "samples": 4001.0,
    "final_p1": 0.14257446693486595,
    "final_p0": 0.857425533065134,
    "mean_excited": 0.14223058299345753
  }
}