{
  "schema_version": "1.0",
  "values": {
    "samples": 20001.0,
    "final_p1": 0.59805222002846,
    "final_p0": 0.40194777997153996,
    "mean_excited": 0.5842412010157658
  }
}