{
  "schema_version": "1.0",
  "values": {
    "samples": 4001.0,
    "final_p1": 0.4627851155235474,
    "final_p0": 0.5372148844764526,
    "mean_excited": 0.46181497468702165
  }
}