{
  "schema_version": "1.0",
  "t_end": 223.3467336683417,
  "channels": [
    {
      "name": "RO0",
      "pulses": [
        {
          "t0": 23.34673366834171,
          "t1": 223.3467336683417,
          "amp": 0.8,
          "shape": "readout",
          "params": {},
          "carrier": {
            "freq": 6500000000.0,
            "phase": 0.0
          }
        }
      ]
    },
    {
      "name": "XY0",
      "pulses": [
        {
          "t0": 0.0,
          "t1": 23.34673366834171,
          "amp": 1.0,
          "shape": "gaussian",
          "params": {
            "sigma": 3.8911222780569514
          },
          "carrier": {
            "freq": 5000000000.0,
            "phase": 0.0
          }
        }
      ]
    }
  ]
}