{
  "schema_version": "1.0",
  "values": {
    "samples": 4001.0,
    "final_p1": 0.8785241082136741,
    "final_p0": 0.1214758917863259,
    "mean_excited": 0.8602917051044943
  }
}