{
  "schema_version": "1.0",
  "t_end": 249.43718592964825,
  "channels": [
    {
      "name": "RO0",
      "pulses": [
        {
          "t0": 49.437185929648244,
          "t1": 249.43718592964825,
          "amp": 0.8,
          "shape": "readout",
          "params": {},
          "carrier": {
            "freq": 6500000000.0,
            "phase": 0.0
          }
        }
      ]
    },
    {
      "name": "XY0",
      "pulses": [
        {
          "t0": 0.0,
          "t1": 49.437185929648244,
          "amp": 1.0,
          "shape": "gaussian",
          "params": {
            "sigma": 8.239530988274707
          },
          "carrier": {
            "freq": 5000000000.0,
            "phase": 0.0
          }
        }
      ]
    }
  ]
}