{
  "schema_version": "1.0",
  "values": {
    "samples": 1001.0,
    "final_p1": 0.012522872854020192,
    "final_p0": 0.9874771271459798,
    "mean_excited": 0.0498116093428446
  }
}