{
  "qasm_parse": 6.0799999118898995e-05,
  "backend_load": 0.0006682000002911082,
  "compile_pipeline": 1.2399999832268804e-05,
  "lowering": 2.479999966453761e-05,
  "pulse_compile": 0.0005244000003585825,
  "pulse_npz_write": 0.0006100999999034684,
  "model_build": 0.00020370000129332766,
  "engine_run": 0.09230889999889769,
  "analysis_run": 0.0001067000011971686,
  "artifact_write": 0.010092999998960295,
  "dxf_export": 1.2000000424450263e-06,
  "manifest_write": 0.10916870000073686,
  "total": 0.2138701999992918
}