{
  "schema_version": "1.0",
  "values": {
    "samples": 4001.0,
    "final_p1": 0.7003705515979873,
    "final_p0": 0.29962944840201267,
    "mean_excited": 0.6957550226206016
  }
}