{
  "schema_version": "1.0",
  "values": {
    "samples": 4001.0,
    "final_p1": 0.2095821490138335,
    "final_p0": 0.7904178509861665,
    "mean_excited": 0.21084930238388433
  }
}