{
  "schema_version": "1.0",
  "values": {
    "samples": 4001.0,
    "final_p1": 0.9279901518910414,
    "final_p0": 0.07200984810895861,
    "mean_excited": 0.9215543622640034
  }
}