{
  "schema_version": "1.0",
  "t_end": 212.67336683417085,
  "channels": [
    {
      "name": "RO0",
      "pulses": [
        {
          "t0": 12.673366834170855,
          "t1": 212.67336683417085,
          "amp": 0.8,
          "shape": "readout",
          "params": {},
          "carrier": {
            "freq": 6500000000.0,
            "phase": 0.0
          }
        }
      ]
    },
    {
      "name": "XY0",
      "pulses": [
        {
          "t0": 0.0,
          "t1": 12.673366834170855,
          "amp": 1.0,
          "shape": "gaussian",
          "params": {
            "sigma": 2.1122278056951425
          },
          "carrier": {
            "freq": 5000000000.0,
            "phase": 0.0
          }
        }
      ]
    }
  ]
}