{
  "qasm_parse": 0.00022139999964565504,
  "backend_load": 0.0009737000000313856,
  "compile_pipeline": 1.759999940986745e-05,
  "lowering": 3.9000000469968654e-05,
  "pulse_compile": 0.0015972999990481185,
  "pulse_npz_write": 0.0009104000000661472,
  "model_build": 0.0003240000005462207,
  "engine_run": 0.5715491000009933,
  "analysis_run": 0.0002769999991869554,
  "artifact_write": 0.011460800000349991,
  "dxf_export": 1.2000000424450263e-06,
  "manifest_write": 0.17163389999950596,
  "total": 0.7592125999999553
}