{
  "schema_version": "1.0",
  "values": {
    "samples": 4001.0,
    "final_p1": 0.2192747169257173,
    "final_p0": 0.7807252830742827,
    "mean_excited": 0.22385897389593282
  }
}