{
  "schema_version": "1.0",
  "t_end": 266.0402010050251,
  "channels": [
    {
      "name": "RO0",
      "pulses": [
        {
          "t0": 66.04020100502512,
          "t1": 266.0402010050251,
          "amp": 0.8,
          "shape": "readout",
          "params": {},
          "carrier": {
            "freq": 6500000000.0,
            "phase": 0.0
          }
        }
      ]
    },
    {
      "name": "XY0",
      "pulses": [
        {
          "t0": 0.0,
          "t1": 66.04020100502512,
          "amp": 1.0,
          "shape": "gaussian",
          "params": {
            "sigma": 11.006700167504187
          },
          "carrier": {
            "freq": 5000000000.0,
            "phase": 0.0
          }
        }
      ]
    }
  ]
}