{
  "schema_version": "1.0",
  "values": {
    "samples": 4001.0,
    "final_p1": 0.04064844677505645,
    "final_p0": 0.9593515532249436,
    "mean_excited": 0.06488439772381424
  }
}