{
  "schema_version": "1.0",
  "t_end": 293.9095477386935,
  "channels": [
    {
      "name": "RO0",
      "pulses": [
        {
          "t0": 93.90954773869348,
          "t1": 293.9095477386935,
          "amp": 0.8,
          "shape": "readout",
          "params": {},
          "carrier": {
            "freq": 6500000000.0,
            "phase": 0.0
          }
        }
      ]
    },
    {
      "name": "XY0",
      "pulses": [
        {
          "t0": 0.0,
          "t1": 93.90954773869348,
          "amp": 1.0,
          "shape": "gaussian",
          "params": {
            "sigma": 15.651591289782246
          },
          "carrier": {
            "freq": 5000000000.0,
            "phase": 0.0
          }
        }
      ]
    }
  ]
}