{
  "schema_version": "1.0",
  "values": {
    "samples": 4001.0,
    "final_p1": 0.006305035555237953,
    "final_p0": 0.993694964444762,
    "mean_excited": 0.013541555159067778
  }
}