{
  "schema_version": "1.0",
  "t_end": 229.86934673366835,
  "channels": [
    {
      "name": "RO0",
      "pulses": [
        {
          "t0": 29.869346733668344,
          "t1": 229.86934673366835,
          "amp": 0.8,
          "shape": "readout",
          "params": {},
          "carrier": {
            "freq": 6500000000.0,
            "phase": 0.0
          }
        }
      ]
    },
    {
      "name": "XY0",
      "pulses": [
        {
          "t0": 0.0,
          "t1": 29.869346733668344,
          "amp": 1.0,
          "shape": "gaussian",
          "params": {
            "sigma": 4.97822445561139
          },
          "carrier": {
            "freq": 5000000000.0,
            "phase": 0.0
          }
        }
      ]
    }
  ]
}