{
  "schema_version": "1.0",
  "values": {
    "samples": 4001.0,
    "final_p1": 0.27159250889908015,
    "final_p0": 0.7284074911009198,
    "mean_excited": 0.27326142784469387
  }
}