{
  "schema_version": "1.0",
  "values": {
    "samples": 4001.0,
    "final_p1": 0.9917254573232944,
    "final_p0": 0.008274542676705576,
    "mean_excited": 0.9381917336414083
  }
}