{
  "schema_version": "1.0",
  "values": {
    "samples": 4001.0,
    "final_p1": 0.1279226635976032,
    "final_p0": 0.8720773364023968,
    "mean_excited": 0.13761800134311583
  }
}