{
  "schema_version": "1.0",
  "t_end": 264.8542713567839,
  "channels": [
    {
      "name": "RO0",
      "pulses": [
        {
          "t0": 64.85427135678393,
          "t1": 264.8542713567839,
          "amp": 0.8,
          "shape": "readout",
          "params": {},
          "carrier": {
            "freq": 6500000000.0,
            "phase": 0.0
          }
        }
      ]
    },
    {
      "name": "XY0",
      "pulses": [
        {
          "t0": 0.0,
          "t1": 64.85427135678393,
          "amp": 1.0,
          "shape": "gaussian",
          "params": {
            "sigma": 10.809045226130655
          },
          "carrier": {
            "freq": 5000000000.0,
            "phase": 0.0
          }
        }
      ]
    }
  ]
}