{
  "schema_version": "1.0",
  "values": {
    "samples": 4001.0,
    "final_p1": 0.20325326677690997,
    "final_p0": 0.79674673322309,
    "mean_excited": 0.20470127476344413
  }
}