{
  "schema_version": "1.0",
  "t_end": 235.20603015075378,
  "channels": [
    {
      "name": "RO0",
      "pulses": [
        {
          "t0": 35.20603015075377,
          "t1": 235.20603015075378,
          "amp": 0.8,
          "shape": "readout",
          "params": {},
          "carrier": {
            "freq": 6500000000.0,
            "phase": 0.0
          }
        }
      ]
    },
    {
      "name": "XY0",
      "pulses": [
        {
          "t0": 0.0,
          "t1": 35.20603015075377,
          "amp": 1.0,
          "shape": "gaussian",
          "params": {
            "sigma": 5.867671691792295
          },
          "carrier": {
            "freq": 5000000000.0,
            "phase": 0.0
          }
        }
      ]
    }
  ]
}