{
  "schema_version": "1.0",
  "values": {
    "samples": 4001.0,
    "final_p1": 0.9770575719543725,
    "final_p0": 0.022942428045627516,
    "mean_excited": 0.9262441094621947
  }
}