{
  "schema_version": "1.0",
  "values": {
    "samples": 4001.0,
    "final_p1": 0.003812409115249934,
    "final_p0": 0.9961875908847501,
    "mean_excited": 0.020851178942889338
  }
}