{
  "schema_version": "1.0",
  "t_end": 261.8894472361809,
  "channels": [
    {
      "name": "RO0",
      "pulses": [
        {
          "t0": 61.88944723618091,
          "t1": 261.8894472361809,
          "amp": 0.8,
          "shape": "readout",
          "params": {},
          "carrier": {
            "freq": 6500000000.0,
            "phase": 0.0
          }
        }
      ]
    },
    {
      "name": "XY0",
      "pulses": [
        {
          "t0": 0.0,
          "t1": 61.88944723618091,
          "amp": 1.0,
          "shape": "gaussian",
          "params": {
            "sigma": 10.314907872696818
          },
          "carrier": {
            "freq": 5000000000.0,
            "phase": 0.0
          }
        }
      ]
    }
  ]
}