{
  "schema_version": "1.0",
  "values": {
    "samples": 4001.0,
    "final_p1": 0.48422707007511695,
    "final_p0": 0.515772929924883,
    "mean_excited": 0.48147726497589294
  }
}