{
  "schema_version": "1.0",
  "t_end": 284.4221105527638,
  "channels": [
    {
      "name": "RO0",
      "pulses": [
        {
          "t0": 84.42211055276383,
          "t1": 284.4221105527638,
          "amp": 0.8,
          "shape": "readout",
          "params": {},
          "carrier": {
            "freq": 6500000000.0,
            "phase": 0.0
          }
        }
      ]
    },
    {
      "name": "XY0",
      "pulses": [
        {
          "t0": 0.0,
          "t1": 84.42211055276383,
          "amp": 1.0,
          "shape": "gaussian",
          "params": {
            "sigma": 14.07035175879397
          },
          "carrier": {
            "freq": 5000000000.0,
            "phase": 0.0
          }
        }
      ]
    }
  ]
}