{
  "schema_version": "1.0",
  "values": {
    "samples": 4001.0,
    "final_p1": 0.7019946811269945,
    "final_p0": 0.2980053188730055,
    "mean_excited": 0.6711273972665845
  }
}