{
  "schema_version": "1.0",
  "t_end": 301.6180904522613,
  "channels": [
    {
      "name": "RO0",
      "pulses": [
        {
          "t0": 101.61809045226131,
          "t1": 301.6180904522613,
          "amp": 0.8,
          "shape": "readout",
          "params": {},
          "carrier": {
            "freq": 6500000000.0,
            "phase": 0.0
          }
        }
      ]
    },
    {
      "name": "XY0",
      "pulses": [
        {
          "t0": 0.0,
          "t1": 101.61809045226131,
          "amp": 1.0,
          "shape": "gaussian",
          "params": {
            "sigma": 16.93634840871022
          },
          "carrier": {
            "freq": 5000000000.0,
            "phase": 0.0
          }
        }
      ]
    }
  ]
}