{
  "schema_version": "1.0",
  "values": {
    "samples": 20001.0,
    "final_p1": 0.8365957813485302,
    "final_p0": 0.1634042186514698,
    "mean_excited": 0.8100114860929167
  }
}