{
  "schema_version": "1.0",
  "values": {
    "samples": 1001.0,
    "final_p1": 0.023216876113323088,
    "final_p0": 0.9767831238866769,
    "mean_excited": 0.05992674932412236
  }
}