{
  "qasm_parse": 7.15000005584443e-05,
  "backend_load": 0.0007283999984792899,
  "compile_pipeline": 1.7300000763498247e-05,
  "lowering": 2.950000089185778e-05,
  "pulse_compile": 0.0006080999992263969,
  "pulse_npz_write": 0.0012377000002743443,
  "model_build": 0.00015589999929943588,
  "engine_run": 0.12795220000043628,
  "analysis_run": 0.00016239999968092889,
  "artifact_write": 0.01068210000084946,
  "dxf_export": 1.3999997463542968e-06,
  "manifest_write": 0.13249100000030012,
  "total": 0.27423910000106844
}