{
  "schema_version": "1.0",
  "values": {
    "samples": 4001.0,
    "final_p1": 0.9638764954694093,
    "final_p0": 0.036123504530590655,
    "mean_excited": 0.9418949101819969
  }
}