{
  "schema_version": "1.0",
  "values": {
    "samples": 4001.0,
    "final_p1": 0.2892084029729933,
    "final_p0": 0.7107915970270067,
    "mean_excited": 0.2923026644649522
  }
}