{
  "schema_version": "1.0",
  "t_end": 297.4673366834171,
  "channels": [
    {
      "name": "RO0",
      "pulses": [
        {
          "t0": 97.46733668341709,
          "t1": 297.4673366834171,
          "amp": 0.8,
          "shape": "readout",
          "params": {},
          "carrier": {
            "freq": 6500000000.0,
            "phase": 0.0
          }
        }
      ]
    },
    {
      "name": "XY0",
      "pulses": [
        {
          "t0": 0.0,
          "t1": 97.46733668341709,
          "amp": 1.0,
          "shape": "gaussian",
          "params": {
            "sigma": 16.24455611390285
          },
          "carrier": {
            "freq": 5000000000.0,
            "phase": 0.0
          }
        }
      ]
    }
  ]
}