{
  "schema_version": "1.0",
  "values": {
    "samples": 4001.0,
    "final_p1": 0.039856218717372334,
    "final_p0": 0.9601437812826277,
    "mean_excited": 0.04649091925679803
  }
}