{
  "schema_version": "1.0",
  "t_end": 228.68341708542715,
  "channels": [
    {
      "name": "RO0",
      "pulses": [
        {
          "t0": 28.683417085427138,
          "t1": 228.68341708542715,
          "amp": 0.8,
          "shape": "readout",
          "params": {},
          "carrier": {
            "freq": 6500000000.0,
            "phase": 0.0
          }
        }
      ]
    },
    {
      "name": "XY0",
      "pulses": [
        {
          "t0": 0.0,
          "t1": 28.683417085427138,
          "amp": 1.0,
          "shape": "gaussian",
          "params": {
            "sigma": 4.780569514237857
          },
          "carrier": {
            "freq": 5000000000.0,
            "phase": 0.0
          }
        }
      ]
    }
  ]
}