{
  "schema_version": "1.0",
  "values": {
    "samples": 20001.0,
    "final_p1": 0.2592845397019339,
    "final_p0": 0.7407154602980661,
    "mean_excited": 0.2717317535035521
  }
}