{
  "schema_version": "1.0",
  "values": {
    "samples": 4001.0,
    "final_p1": 0.17832404346095948,
    "final_p0": 0.8216759565390406,
    "mean_excited": 0.18519341040671358
  }
}