{
  "schema_version": "1.0",
  "values": {
    "samples": 4001.0,
    "final_p1": 0.5840457298046688,
    "final_p0": 0.41595427019533115,
    "mean_excited": 0.5811487641185854
  }
}