{
  "schema_version": "1.0",
  "t_end": 222.1608040201005,
  "channels": [
    {
      "name": "RO0",
      "pulses": [
        {
          "t0": 22.160804020100503,
          "t1": 222.1608040201005,
          "amp": 0.8,
          "shape": "readout",
          "params": {},
          "carrier": {
            "freq": 6500000000.0,
            "phase": 0.0
          }
        }
      ]
    },
    {
      "name": "XY0",
      "pulses": [
        {
          "t0": 0.0,
          "t1": 22.160804020100503,
          "amp": 1.0,
          "shape": "gaussian",
          "params": {
            "sigma": 3.693467336683417
          },
          "carrier": {
            "freq": 5000000000.0,
            "phase": 0.0
          }
        }
      ]
    }
  ]
}