{
  "schema_version": "1.0",
  "values": {
    "samples": 4001.0,
    "final_p1": 0.057524980006946405,
    "final_p0": 0.9424750199930536,
    "mean_excited": 0.07308652495214246
  }
}