{
  "schema_version": "1.0",
  "values": {
    "samples": 4001.0,
    "final_p1": 0.9789596977123751,
    "final_p0": 0.02104030228762488,
    "mean_excited": 0.9567517373115889
  }
}