{
  "schema_version": "1.0",
  "t_end": 247.3846153846154,
  "channels": [
    {
      "name": "RO0",
      "pulses": [
        {
          "t0": 47.38461538461539,
          "t1": 247.3846153846154,
          "amp": 0.8,
          "shape": "readout",
          "params": {},
          "carrier": {
            "freq": 6500000000.0,
            "phase": 0.0
          }
        }
      ]
    },
    {
      "name": "XY0",
      "pulses": [
        {
          "t0": 0.0,
          "t1": 47.38461538461539,
          "amp": 1.0,
          "shape": "gaussian",
          "params": {
            "sigma": 7.897435897435898
          },
          "carrier": {
            "freq": 5000000000.0,
            "phase": 0.0
          }
        }
      ]
    }
  ]
}