{
  "schema_version": "1.0",
  "values": {
    "samples": 4001.0,
    "final_p1": 0.10163441278058324,
    "final_p0": 0.8983655872194167,
    "mean_excited": 0.13398380060411172
  }
}