{
  "schema_version": "1.0",
  "values": {
    "samples": 4001.0,
    "final_p1": 0.9972959836855202,
    "final_p0": 0.002704016314479807,
    "mean_excited": 0.9743347921705553
  }
}