{
  "schema_version": "1.0",
  "t_end": 246.47236180904522,
  "channels": [
    {
      "name": "RO0",
      "pulses": [
        {
          "t0": 46.472361809045225,
          "t1": 246.47236180904522,
          "amp": 0.8,
          "shape": "readout",
          "params": {},
          "carrier": {
            "freq": 6500000000.0,
            "phase": 0.0
          }
        }
      ]
    },
    {
      "name": "XY0",
      "pulses": [
        {
          "t0": 0.0,
          "t1": 46.472361809045225,
          "amp": 1.0,
          "shape": "gaussian",
          "params": {
            "sigma": 7.7453936348408705
          },
          "carrier": {
            "freq": 5000000000.0,
            "phase": 0.0
          }
        }
      ]
    }
  ]
}