{
  "schema_version": "1.0",
  "values": {
    "samples": 4001.0,
    "final_p1": 0.9546029688483036,
    "final_p0": 0.045397031151696354,
    "mean_excited": 0.9469249621154552
  }
}