{
  "schema_version": "1.0",
  "t_end": 217.41708542713567,
  "channels": [
    {
      "name": "RO0",
      "pulses": [
        {
          "t0": 17.417085427135678,
          "t1": 217.41708542713567,
          "amp": 0.8,
          "shape": "readout",
          "params": {},
          "carrier": {
            "freq": 6500000000.0,
            "phase": 0.0
          }
        }
      ]
    },
    {
      "name": "XY0",
      "pulses": [
        {
          "t0": 0.0,
          "t1": 17.417085427135678,
          "amp": 1.0,
          "shape": "gaussian",
          "params": {
            "sigma": 2.90284757118928
          },
          "carrier": {
            "freq": 5000000000.0,
            "phase": 0.0
          }
        }
      ]
    }
  ]
}