{
  "schema_version": "1.0",
  "values": {
    "samples": 4001.0,
    "final_p1": 0.4608003903624862,
    "final_p0": 0.5391996096375138,
    "mean_excited": 0.4519278215278463
  }
}