{
  "schema_version": "1.0",
  "t_end": 268.56410256410254,
  "channels": [
    {
      "name": "RO0",
      "pulses": [
        {
          "t0": 68.56410256410257,
          "t1": 268.56410256410254,
          "amp": 0.8,
          "shape": "readout",
          "params": {},
          "carrier": {
            "freq": 6500000000.0,
            "phase": 0.0
          }
        }
      ]
    },
    {
      "name": "XY0",
      "pulses": [
        {
          "t0": 0.0,
          "t1": 68.56410256410257,
          "amp": 1.0,
          "shape": "gaussian",
          "params": {
            "sigma": 11.427350427350428
          },
          "carrier": {
            "freq": 5000000000.0,
            "phase": 0.0
          }
        }
      ]
    }
  ]
}