{
  "schema_version": "1.0",
  "values": {
    "samples": 4001.0,
    "final_p1": 0.5857964662364089,
    "final_p0": 0.4142035337635911,
    "mean_excited": 0.5730926668934829
  }
}