{
  "schema_version": "1.0",
  "values": {
    "samples": 4001.0,
    "final_p1": 0.03251986531291361,
    "final_p0": 0.9674801346870864,
    "mean_excited": 0.049057268094194695
  }
}