{
  "schema_version": "1.0",
  "values": {
    "samples": 4001.0,
    "final_p1": 0.9775897975207365,
    "final_p0": 0.022410202479263508,
    "mean_excited": 0.9703866686943615
  }
}