{
  "schema_version": "1.0",
  "t_end": 213.85929648241205,
  "channels": [
    {
      "name": "RO0",
      "pulses": [
        {
          "t0": 13.859296482412061,
          "t1": 213.85929648241205,
          "amp": 0.8,
          "shape": "readout",
          "params": {},
          "carrier": {
            "freq": 6500000000.0,
            "phase": 0.0
          }
        }
      ]
    },
    {
      "name": "XY0",
      "pulses": [
        {
          "t0": 0.0,
          "t1": 13.859296482412061,
          "amp": 1.0,
          "shape": "gaussian",
          "params": {
            "sigma": 2.3098827470686767
          },
          "carrier": {
            "freq": 5000000000.0,
            "phase": 0.0
          }
        }
      ]
    }
  ]
}