{
  "schema_version": "1.0",
  "values": {
    "samples": 1001.0,
    "final_p1": 0.011787513953122157,
    "final_p0": 0.9882124860468778,
    "mean_excited": 0.048959447843848855
  }
}