{
  "qasm_parse": 7.689999983995222e-05,
  "backend_load": 0.0006826999997429084,
  "compile_pipeline": 1.6599999071331695e-05,
  "lowering": 2.700000004551839e-05,
  "pulse_compile": 0.0005316000006132526,
  "pulse_npz_write": 0.0011190999994141748,
  "model_build": 0.0002134000005753478,
  "engine_run": 0.095560600000681,
  "analysis_run": 0.0001024999983201269,
  "artifact_write": 0.009628500001781504,
  "dxf_export": 9.999985195463523e-07,
  "manifest_write": 0.05869420000090031,
  "total": 0.16676270000061777
}