{
  "schema_version": "1.0",
  "values": {
    "samples": 4001.0,
    "final_p1": 0.3089240334732083,
    "final_p0": 0.6910759665267917,
    "mean_excited": 0.3073234914317253
  }
}