{
  "schema_version": "1.0",
  "t_end": 236.39195979899498,
  "channels": [
    {
      "name": "RO0",
      "pulses": [
        {
          "t0": 36.391959798994975,
          "t1": 236.39195979899498,
          "amp": 0.8,
          "shape": "readout",
          "params": {},
          "carrier": {
            "freq": 6500000000.0,
            "phase": 0.0
          }
        }
      ]
    },
    {
      "name": "XY0",
      "pulses": [
        {
          "t0": 0.0,
          "t1": 36.391959798994975,
          "amp": 1.0,
          "shape": "gaussian",
          "params": {
            "sigma": 6.065326633165829
          },
          "carrier": {
            "freq": 5000000000.0,
            "phase": 0.0
          }
        }
      ]
    }
  ]
}