{
  "schema_version": "1.0",
  "values": {
    "samples": 4001.0,
    "final_p1": 0.8923227363046408,
    "final_p0": 0.10767726369535924,
    "mean_excited": 0.8461454796806138
  }
}