{
  "schema_version": "1.0",
  "t_end": 303.9899497487437,
  "channels": [
    {
      "name": "RO0",
      "pulses": [
        {
          "t0": 103.98994974874373,
          "t1": 303.9899497487437,
          "amp": 0.8,
          "shape": "readout",
          "params": {},
          "carrier": {
            "freq": 6500000000.0,
            "phase": 0.0
          }
        }
      ]
    },
    {
      "name": "XY0",
      "pulses": [
        {
          "t0": 0.0,
          "t1": 103.98994974874373,
          "amp": 1.0,
          "shape": "gaussian",
          "params": {
            "sigma": 17.331658291457288
          },
          "carrier": {
            "freq": 5000000000.0,
            "phase": 0.0
          }
        }
      ]
    }
  ]
}