{
  "schema_version": "1.0",
  "values": {
    "samples": 4001.0,
    "final_p1": 0.2907257625794579,
    "final_p0": 0.7092742374205421,
    "mean_excited": 0.28973469033652693
  }
}