{
  "schema_version": "1.0",
  "t_end": 205.55778894472363,
  "channels": [
    {
      "name": "RO0",
      "pulses": [
        {
          "t0": 5.557788944723618,
          "t1": 205.55778894472363,
          "amp": 0.8,
          "shape": "readout",
          "params": {},
          "carrier": {
            "freq": 6500000000.0,
            "phase": 0.0
          }
        }
      ]
    },
    {
      "name": "XY0",
      "pulses": [
        {
          "t0": 0.0,
          "t1": 5.557788944723618,
          "amp": 1.0,
          "shape": "gaussian",
          "params": {
            "sigma": 0.9262981574539363
          },
          "carrier": {
            "freq": 5000000000.0,
            "phase": 0.0
          }
        }
      ]
    }
  ]
}