{
  "schema_version": "1.0",
  "values": {
    "samples": 20001.0,
    "final_p1": 0.7578915352491353,
    "final_p0": 0.24210846475086467,
    "mean_excited": 0.7324675283727982
  }
}