{
  "schema_version": "1.0",
  "values": {
    "samples": 4001.0,
    "final_p1": 0.9460643852164438,
    "final_p0": 0.05393561478355624,
    "mean_excited": 0.9251604355414632
  }
}