{
  "schema_version": "1.0",
  "values": {
    "samples": 4001.0,
    "final_p1": 0.05846816771613924,
    "final_p0": 0.9415318322838607,
    "mean_excited": 0.07211743864538271
  }
}