{
  "schema_version": "1.0",
  "t_end": 263.6683417085427,
  "channels": [
    {
      "name": "RO0",
      "pulses": [
        {
          "t0": 63.66834170854271,
          "t1": 263.6683417085427,
          "amp": 0.8,
          "shape": "readout",
          "params": {},
          "carrier": {
            "freq": 6500000000.0,
            "phase": 0.0
          }
        }
      ]
    },
    {
      "name": "XY0",
      "pulses": [
        {
          "t0": 0.0,
          "t1": 63.66834170854271,
          "amp": 1.0,
          "shape": "gaussian",
          "params": {
            "sigma": 10.61139028475712
          },
          "carrier": {
            "freq": 5000000000.0,
            "phase": 0.0
          }
        }
      ]
    }
  ]
}