{
  "schema_version": "1.0",
  "values": {
    "samples": 4001.0,
    "final_p1": 0.06120956068047685,
    "final_p0": 0.9387904393195231,
    "mean_excited": 0.061126678976724816
  }
}