{
  "schema_version": "1.0",
  "values": {
    "samples": 4001.0,
    "final_p1": 0.0016083443371975247,
    "final_p0": 0.9983916556628025,
    "mean_excited": 0.030238258967687615
  }
}