{
  "schema_version": "1.0",
  "t_end": 291.53768844221105,
  "channels": [
    {
      "name": "RO0",
      "pulses": [
        {
          "t0": 91.53768844221106,
          "t1": 291.53768844221105,
          "amp": 0.8,
          "shape": "readout",
          "params": {},
          "carrier": {
            "freq": 6500000000.0,
            "phase": 0.0
          }
        }
      ]
    },
    {
      "name": "XY0",
      "pulses": [
        {
          "t0": 0.0,
          "t1": 91.53768844221106,
          "amp": 1.0,
          "shape": "gaussian",
          "params": {
            "sigma": 15.256281407035177
          },
          "carrier": {
            "freq": 5000000000.0,
            "phase": 0.0
          }
        }
      ]
    }
  ]
}