{
  "qasm_parse": 0.00023739999960525893,
  "backend_load": 0.0018005999991146382,
  "compile_pipeline": 4.1900000724126585e-05,
  "lowering": 5.880000026081689e-05,
  "pulse_compile": 0.0007648999999219086,
  "pulse_npz_write": 0.0011771999998018146,
  "model_build": 0.00029089999952702783,
  "engine_run": 0.5783895000004122,
  "analysis_run": 0.0001747999995131977,
  "artifact_write": 0.011839200000395067,
  "dxf_export": 1.3999997463542968e-06,
  "manifest_write": 0.10178670000095735,
  "total": 0.6969210999995994
}