{
  "schema_version": "1.0",
  "values": {
    "samples": 4001.0,
    "final_p1": 0.18727630919314964,
    "final_p0": 0.8127236908068504,
    "mean_excited": 0.1867622719208584
  }
}