{
  "schema_version": "1.0",
  "t_end": 204.3718592964824,
  "channels": [
    {
      "name": "RO0",
      "pulses": [
        {
          "t0": 4.371859296482413,
          "t1": 204.3718592964824,
          "amp": 0.8,
          "shape": "readout",
          "params": {},
          "carrier": {
            "freq": 6500000000.0,
            "phase": 0.0
          }
        }
      ]
    },
    {
      "name": "XY0",
      "pulses": [
        {
          "t0": 0.0,
          "t1": 4.371859296482413,
          "amp": 1.0,
          "shape": "gaussian",
          "params": {
            "sigma": 0.7286432160804021
          },
          "carrier": {
            "freq": 5000000000.0,
            "phase": 0.0
          }
        }
      ]
    }
  ]
}