{
  "schema_version": "1.0",
  "values": {
    "samples": 4001.0,
    "final_p1": 0.01496483272900577,
    "final_p0": 0.9850351672709943,
    "mean_excited": 0.031230561010561503
  }
}