{
  "schema_version": "1.0",
  "values": {
    "samples": 4001.0,
    "final_p1": 0.235637538137469,
    "final_p0": 0.764362461862531,
    "mean_excited": 0.25581137233292056
  }
}