{
  "schema_version": "1.0",
  "t_end": 317.6281407035176,
  "channels": [
    {
      "name": "RO0",
      "pulses": [
        {
          "t0": 117.62814070351759,
          "t1": 317.6281407035176,
          "amp": 0.8,
          "shape": "readout",
          "params": {},
          "carrier": {
            "freq": 6500000000.0,
            "phase": 0.0
          }
        }
      ]
    },
    {
      "name": "XY0",
      "pulses": [
        {
          "t0": 0.0,
          "t1": 117.62814070351759,
          "amp": 1.0,
          "shape": "gaussian",
          "params": {
            "sigma": 19.604690117252932
          },
          "carrier": {
            "freq": 5000000000.0,
            "phase": 0.0
          }
        }
      ]
    }
  ]
}