{
  "schema_version": "1.0",
  "values": {
    "samples": 4001.0,
    "final_p1": 0.38537962552565475,
    "final_p0": 0.6146203744743453,
    "mean_excited": 0.380712712925406
  }
}