{
  "schema_version": "1.0",
  "values": {
    "samples": 4001.0,
    "final_p1": 0.6654088742118083,
    "final_p0": 0.3345911257881917,
    "mean_excited": 0.6530347081142852
  }
}