{
  "schema_version": "1.0",
  "values": {
    "samples": 4001.0,
    "final_p1": 0.9998823206891282,
    "final_p0": 0.00011767931087180994,
    "mean_excited": 0.9615070511379681
  }
}