{
  "schema_version": "1.0",
  "values": {
    "samples": 4001.0,
    "final_p1": 0.9877894942714902,
    "final_p0": 0.01221050572850979,
    "mean_excited": 0.9497436289593345
  }
}