{
  "schema_version": "1.0",
  "t_end": 275.5276381909548,
  "channels": [
    {
      "name": "RO0",
      "pulses": [
        {
          "t0": 75.52763819095478,
          "t1": 275.5276381909548,
          "amp": 0.8,
          "shape": "readout",
          "params": {},
          "carrier": {
            "freq": 6500000000.0,
            "phase": 0.0
          }
        }
      ]
    },
    {
      "name": "XY0",
      "pulses": [
        {
          "t0": 0.0,
          "t1": 75.52763819095478,
          "amp": 1.0,
          "shape": "gaussian",
          "params": {
            "sigma": 12.587939698492463
          },
          "carrier": {
            "freq": 5000000000.0,
            "phase": 0.0
          }
        }
      ]
    }
  ]
}