{
  "schema_version": "1.0",
  "values": {
    "samples": 20001.0,
    "final_p1": 0.5003320644661906,
    "final_p0": 0.4996679355338094,
    "mean_excited": 0.49308933503633867
  }
}