{
  "schema_version": "1.0",
  "t_end": 238.30769230769232,
  "channels": [
    {
      "name": "RO0",
      "pulses": [
        {
          "t0": 38.30769230769231,
          "t1": 238.30769230769232,
          "amp": 0.8,
          "shape": "readout",
          "params": {},
          "carrier": {
            "freq": 6500000000.0,
            "phase": 0.0
          }
        }
      ]
    },
    {
      "name": "XY0",
      "pulses": [
        {
          "t0": 0.0,
          "t1": 38.30769230769231,
          "amp": 1.0,
          "shape": "gaussian",
          "params": {
            "sigma": 6.384615384615384
          },
          "carrier": {
            "freq": 5000000000.0,
            "phase": 0.0
          }
        }
      ]
    }
  ]
}