{
  "schema_version": "1.0",
  "values": {
    "samples": 4001.0,
    "final_p1": 0.8060613184871231,
    "final_p0": 0.19393868151287685,
    "mean_excited": 0.7722795718317602
  }
}