{
  "schema_version": "1.0",
  "values": {
    "samples": 4001.0,
    "final_p1": 0.99487652979321,
    "final_p0": 0.005123470206790048,
    "mean_excited": 0.9570221002911988
  }
}