{
  "schema_version": "1.0",
  "t_end": 277.3065326633166,
  "channels": [
    {
      "name": "RO0",
      "pulses": [
        {
          "t0": 77.30653266331659,
          "t1": 277.3065326633166,
          "amp": 0.8,
          "shape": "readout",
          "params": {},
          "carrier": {
            "freq": 6500000000.0,
            "phase": 0.0
          }
        }
      ]
    },
    {
      "name": "XY0",
      "pulses": [
        {
          "t0": 0.0,
          "t1": 77.30653266331659,
          "amp": 1.0,
          "shape": "gaussian",
          "params": {
            "sigma": 12.884422110552764
          },
          "carrier": {
            "freq": 5000000000.0,
            "phase": 0.0
          }
        }
      ]
    }
  ]
}