{
  "schema_version": "1.0",
  "values": {
    "samples": 4001.0,
    "final_p1": 0.30702044158514225,
    "final_p0": 0.6929795584148577,
    "mean_excited": 0.3162332106334739
  }
}