{
  "schema_version": "1.0",
  "values": {
    "samples": 4001.0,
    "final_p1": 0.6430621294480546,
    "final_p0": 0.35693787055194537,
    "mean_excited": 0.639277336516039
  }
}