{
  "schema_version": "1.0",
  "t_end": 221.5678391959799,
  "channels": [
    {
      "name": "RO0",
      "pulses": [
        {
          "t0": 21.5678391959799,
          "t1": 221.5678391959799,
          "amp": 0.8,
          "shape": "readout",
          "params": {},
          "carrier": {
            "freq": 6500000000.0,
            "phase": 0.0
          }
        }
      ]
    },
    {
      "name": "XY0",
      "pulses": [
        {
          "t0": 0.0,
          "t1": 21.5678391959799,
          "amp": 1.0,
          "shape": "gaussian",
          "params": {
            "sigma": 3.59463986599665
          },
          "carrier": {
            "freq": 5000000000.0,
            "phase": 0.0
          }
        }
      ]
    }
  ]
}