{
  "schema_version": "1.0",
  "values": {
    "samples": 4001.0,
    "final_p1": 0.5003320644661906,
    "final_p0": 0.4996679355338094,
    "mean_excited": 0.4930407637688348
  }
}