{
  "schema_version": "1.0",
  "values": {
    "samples": 4001.0,
    "final_p1": 0.58767678183081,
    "final_p0": 0.41232321816919004,
    "mean_excited": 0.5847352232697636
  }
}