{
  "schema_version": "1.0",
  "t_end": 208.52261306532662,
  "channels": [
    {
      "name": "RO0",
      "pulses": [
        {
          "t0": 8.522613065326635,
          "t1": 208.52261306532662,
          "amp": 0.8,
          "shape": "readout",
          "params": {},
          "carrier": {
            "freq": 6500000000.0,
            "phase": 0.0
          }
        }
      ]
    },
    {
      "name": "XY0",
      "pulses": [
        {
          "t0": 0.0,
          "t1": 8.522613065326635,
          "amp": 1.0,
          "shape": "gaussian",
          "params": {
            "sigma": 1.4204355108877724
          },
          "carrier": {
            "freq": 5000000000.0,
            "phase": 0.0
          }
        }
      ]
    }
  ]
}