{
  "schema_version": "1.0",
  "values": {
    "samples": 20001.0,
    "final_p1": 0.9416927094710619,
    "final_p0": 0.05830729052893813,
    "mean_excited": 0.8917750394124259
  }
}