{
  "schema_version": "1.0",
  "values": {
    "samples": 4001.0,
    "final_p1": 0.001765323307047488,
    "final_p0": 0.9982346766929525,
    "mean_excited": 0.008954751959375314
  }
}