{
  "schema_version": "1.0",
  "t_end": 231.05527638190955,
  "channels": [
    {
      "name": "RO0",
      "pulses": [
        {
          "t0": 31.055276381909547,
          "t1": 231.05527638190955,
          "amp": 0.8,
          "shape": "readout",
          "params": {},
          "carrier": {
            "freq": 6500000000.0,
            "phase": 0.0
          }
        }
      ]
    },
    {
      "name": "XY0",
      "pulses": [
        {
          "t0": 0.0,
          "t1": 31.055276381909547,
          "amp": 1.0,
          "shape": "gaussian",
          "params": {
            "sigma": 5.175879396984924
          },
          "carrier": {
            "freq": 5000000000.0,
            "phase": 0.0
          }
        }
      ]
    }
  ]
}