{
  "schema_version": "1.0",
  "values": {
    "samples": 4001.0,
    "final_p1": 0.7559728657151552,
    "final_p0": 0.2440271342848448,
    "mean_excited": 0.7207203718085881
  }
}