{
  "schema_version": "1.0",
  "t_end": 302.2110552763819,
  "channels": [
    {
      "name": "RO0",
      "pulses": [
        {
          "t0": 102.21105527638191,
          "t1": 302.2110552763819,
          "amp": 0.8,
          "shape": "readout",
          "params": {},
          "carrier": {
            "freq": 6500000000.0,
            "phase": 0.0
          }
        }
      ]
    },
    {
      "name": "XY0",
      "pulses": [
        {
          "t0": 0.0,
          "t1": 102.21105527638191,
          "amp": 1.0,
          "shape": "gaussian",
          "params": {
            "sigma": 17.035175879396984
          },
          "carrier": {
            "freq": 5000000000.0,
            "phase": 0.0
          }
        }
      ]
    }
  ]
}