{
  "schema_version": "1.0",
  "values": {
    "samples": 4001.0,
    "final_p1": 0.9916974274297137,
    "final_p0": 0.008302572570286326,
    "mean_excited": 0.9392280455399235
  }
}