{
  "schema_version": "1.0",
  "values": {
    "samples": 20001.0,
    "final_p1": 0.19324424279359606,
    "final_p0": 0.8067557572064039,
    "mean_excited": 0.19700165636803096
  }
}