{
  "schema_version": "1.0",
  "t_end": 226.2051282051282,
  "channels": [
    {
      "name": "RO0",
      "pulses": [
        {
          "t0": 26.205128205128204,
          "t1": 226.2051282051282,
          "amp": 0.8,
          "shape": "readout",
          "params": {},
          "carrier": {
            "freq": 6500000000.0,
            "phase": 0.0
          }
        }
      ]
    },
    {
      "name": "XY0",
      "pulses": [
        {
          "t0": 0.0,
          "t1": 26.205128205128204,
          "amp": 1.0,
          "shape": "gaussian",
          "params": {
            "sigma": 4.367521367521367
          },
          "carrier": {
            "freq": 5000000000.0,
            "phase": 0.0
          }
        }
      ]
    }
  ]
}