{
  "schema_version": "1.0",
  "values": {
    "samples": 4001.0,
    "final_p1": 0.8654197172799795,
    "final_p0": 0.13458028272002054,
    "mean_excited": 0.8367836124600257
  }
}