{
  "schema_version": "1.0",
  "values": {
    "samples": 4001.0,
    "final_p1": 0.5980567100394676,
    "final_p0": 0.4019432899605324,
    "mean_excited": 0.5841882032207567
  }
}