{
  "schema_version": "1.0",
  "values": {
    "samples": 4001.0,
    "final_p1": 0.21757768775057357,
    "final_p0": 0.7824223122494265,
    "mean_excited": 0.22650498281439452
  }
}