{
  "schema_version": "1.0",
  "t_end": 256.5527638190955,
  "channels": [
    {
      "name": "RO0",
      "pulses": [
        {
          "t0": 56.55276381909548,
          "t1": 256.5527638190955,
          "amp": 0.8,
          "shape": "readout",
          "params": {},
          "carrier": {
            "freq": 6500000000.0,
            "phase": 0.0
          }
        }
      ]
    },
    {
      "name": "XY0",
      "pulses": [
        {
          "t0": 0.0,
          "t1": 56.55276381909548,
          "amp": 1.0,
          "shape": "gaussian",
          "params": {
            "sigma": 9.425460636515913
          },
          "carrier": {
            "freq": 5000000000.0,
            "phase": 0.0
          }
        }
      ]
    }
  ]
}