{
  "schema_version": "1.0",
  "values": {
    "samples": 4001.0,
    "final_p1": 0.721531398785399,
    "final_p0": 0.27846860121460104,
    "mean_excited": 0.7073902048087665
  }
}