{
  "schema_version": "1.0",
  "t_end": 240.5427135678392,
  "channels": [
    {
      "name": "RO0",
      "pulses": [
        {
          "t0": 40.54271356783919,
          "t1": 240.5427135678392,
          "amp": 0.8,
          "shape": "readout",
          "params": {},
          "carrier": {
            "freq": 6500000000.0,
            "phase": 0.0
          }
        }
      ]
    },
    {
      "name": "XY0",
      "pulses": [
        {
          "t0": 0.0,
          "t1": 40.54271356783919,
          "amp": 1.0,
          "shape": "gaussian",
          "params": {
            "sigma": 6.757118927973199
          },
          "carrier": {
            "freq": 5000000000.0,
            "phase": 0.0
          }
        }
      ]
    }
  ]
}