{
  "schema_version": "1.0",
  "values": {
    "samples": 4001.0,
    "final_p1": 0.7542432558343022,
    "final_p0": 0.24575674416569782,
    "mean_excited": 0.748884339413076
  }
}