{
  "schema_version": "1.0",
  "values": {
    "samples": 20001.0,
    "final_p1": 0.46081001651123815,
    "final_p0": 0.5391899834887619,
    "mean_excited": 0.4519812555704492
  }
}