{
  "schema_version": "1.0",
  "values": {
    "samples": 4001.0,
    "final_p1": 0.9873473911307714,
    "final_p0": 0.012652608869228588,
    "mean_excited": 0.9648016442070041
  }
}