{
  "schema_version": "1.0",
  "values": {
    "samples": 4001.0,
    "final_p1": 0.757885527751579,
    "final_p0": 0.24211447224842098,
    "mean_excited": 0.7323910895239675
  }
}