{
  "schema_version": "1.0",
  "t_end": 217.12820512820514,
  "channels": [
    {
      "name": "RO0",
      "pulses": [
        {
          "t0": 17.128205128205128,
          "t1": 217.12820512820514,
          "amp": 0.8,
          "shape": "readout",
          "params": {},
          "carrier": {
            "freq": 6500000000.0,
            "phase": 0.0
          }
        }
      ]
    },
    {
      "name": "XY0",
      "pulses": [
        {
          "t0": 0.0,
          "t1": 17.128205128205128,
          "amp": 1.0,
          "shape": "gaussian",
          "params": {
            "sigma": 2.8547008547008548
          },
          "carrier": {
            "freq": 5000000000.0,
            "phase": 0.0
          }
        }
      ]
    }
  ]
}