{
  "schema_version": "1.0",
  "values": {
    "samples": 4001.0,
    "final_p1": 0.03363008845099123,
    "final_p0": 0.9663699115490088,
    "mean_excited": 0.05012540300526516
  }
}