{
  "schema_version": "1.0",
  "t_end": 259.4871794871795,
  "channels": [
    {
      "name": "RO0",
      "pulses": [
        {
          "t0": 59.48717948717949,
          "t1": 259.4871794871795,
          "amp": 0.8,
          "shape": "readout",
          "params": {},
          "carrier": {
            "freq": 6500000000.0,
            "phase": 0.0
          }
        }
      ]
    },
    {
      "name": "XY0",
      "pulses": [
        {
          "t0": 0.0,
          "t1": 59.48717948717949,
          "amp": 1.0,
          "shape": "gaussian",
          "params": {
            "sigma": 9.914529914529915
          },
          "carrier": {
            "freq": 5000000000.0,
            "phase": 0.0
          }
        }
      ]
    }
  ]
}