{
  "schema_version": "1.0",
  "values": {
    "samples": 4001.0,
    "final_p1": 0.7903921752522608,
    "final_p0": 0.2096078247477392,
    "mean_excited": 0.7630802170659672
  }
}