{
  "schema_version": "1.0",
  "t_end": 271.96984924623115,
  "channels": [
    {
      "name": "RO0",
      "pulses": [
        {
          "t0": 71.96984924623116,
          "t1": 271.96984924623115,
          "amp": 0.8,
          "shape": "readout",
          "params": {},
          "carrier": {
            "freq": 6500000000.0,
            "phase": 0.0
          }
        }
      ]
    },
    {
      "name": "XY0",
      "pulses": [
        {
          "t0": 0.0,
          "t1": 71.96984924623116,
          "amp": 1.0,
          "shape": "gaussian",
          "params": {
            "sigma": 11.994974874371861
          },
          "carrier": {
            "freq": 5000000000.0,
            "phase": 0.0
          }
        }
      ]
    }
  ]
}