{
  "schema_version": "1.0",
  "values": {
    "samples": 4001.0,
    "final_p1": 0.8648164352315797,
    "final_p0": 0.1351835647684203,
    "mean_excited": 0.8253216432893274
  }
}