{
  "schema_version": "1.0",
  "values": {
    "samples": 1001.0,
    "final_p1": 0.9999943743641653,
    "final_p0": 5.625635834727305e-06,
    "mean_excited": 0.9187430022270718
  }
}