{
  "qasm_parse": 9.870000030787196e-05,
  "backend_load": 0.0007707000004302245,
  "compile_pipeline": 1.7899999875226058e-05,
  "lowering": 3.239999932702631e-05,
  "pulse_compile": 0.0006315000009635696,
  "pulse_npz_write": 0.0008173000005626818,
  "model_build": 0.00022319999879982788,
  "engine_run": 0.04031600000053004,
  "analysis_run": 0.00017379999917466193,
  "artifact_write": 0.00807870000062394,
  "dxf_export": 1.0999992809956893e-06,
  "manifest_write": 0.10350710000057006,
  "total": 0.1553213000006508
}