{
  "schema_version": "1.0",
  "values": {
    "samples": 4001.0,
    "final_p1": 0.4452744561763001,
    "final_p0": 0.5547255438236999,
    "mean_excited": 0.4372681419887976
  }
}