{
  "schema_version": "1.0",
  "values": {
    "samples": 4001.0,
    "final_p1": 0.9989561082752498,
    "final_p0": 0.0010438917247501678,
    "mean_excited": 0.9911104947304976
  }
}