{
  "schema_version": "1.0",
  "t_end": 215.63819095477388,
  "channels": [
    {
      "name": "RO0",
      "pulses": [
        {
          "t0": 15.63819095477387,
          "t1": 215.63819095477388,
          "amp": 0.8,
          "shape": "readout",
          "params": {},
          "carrier": {
            "freq": 6500000000.0,
            "phase": 0.0
          }
        }
      ]
    },
    {
      "name": "XY0",
      "pulses": [
        {
          "t0": 0.0,
          "t1": 15.63819095477387,
          "amp": 1.0,
          "shape": "gaussian",
          "params": {
            "sigma": 2.6063651591289783
          },
          "carrier": {
            "freq": 5000000000.0,
            "phase": 0.0
          }
        }
      ]
    }
  ]
}