{
  "schema_version": "1.0",
  "values": {
    "samples": 4001.0,
    "final_p1": 0.23574217021794802,
    "final_p0": 0.7642578297820519,
    "mean_excited": 0.2432909626976925
  }
}