{
  "schema_version": "1.0",
  "values": {
    "samples": 4001.0,
    "final_p1": 0.2525020699933683,
    "final_p0": 0.7474979300066317,
    "mean_excited": 0.26537507339025346
  }
}