{
  "schema_version": "1.0",
  "values": {
    "samples": 4001.0,
    "final_p1": 0.5253934827060274,
    "final_p0": 0.47460651729397263,
    "mean_excited": 0.5184165256763549
  }
}