{
  "schema_version": "1.0",
  "t_end": 314.6633165829146,
  "channels": [
    {
      "name": "RO0",
      "pulses": [
        {
          "t0": 114.66331658291458,
          "t1": 314.6633165829146,
          "amp": 0.8,
          "shape": "readout",
          "params": {},
          "carrier": {
            "freq": 6500000000.0,
            "phase": 0.0
          }
        }
      ]
    },
    {
      "name": "XY0",
      "pulses": [
        {
          "t0": 0.0,
          "t1": 114.66331658291458,
          "amp": 1.0,
          "shape": "gaussian",
          "params": {
            "sigma": 19.110552763819097
          },
          "carrier": {
            "freq": 5000000000.0,
            "phase": 0.0
          }
        }
      ]
    }
  ]
}