{
  "schema_version": "1.0",
  "values": {
    "samples": 4001.0,
    "final_p1": 0.9990712561151952,
    "final_p0": 0.0009287438848047946,
    "mean_excited": 0.9455934244491658
  }
}