{
  "schema_version": "1.0",
  "t_end": 307.54773869346735,
  "channels": [
    {
      "name": "RO0",
      "pulses": [
        {
          "t0": 107.54773869346734,
          "t1": 307.54773869346735,
          "amp": 0.8,
          "shape": "readout",
          "params": {},
          "carrier": {
            "freq": 6500000000.0,
            "phase": 0.0
          }
        }
      ]
    },
    {
      "name": "XY0",
      "pulses": [
        {
          "t0": 0.0,
          "t1": 107.54773869346734,
          "amp": 1.0,
          "shape": "gaussian",
          "params": {
            "sigma": 17.92462311557789
          },
          "carrier": {
            "freq": 5000000000.0,
            "phase": 0.0
          }
        }
      ]
    }
  ]
}