{
  "schema_version": "1.0",
  "values": {
    "samples": 4001.0,
    "final_p1": 0.7389472199806912,
    "final_p0": 0.26105278001930876,
    "mean_excited": 0.7145132710611988
  }
}