{
  "schema_version": "1.0",
  "values": {
    "samples": 20001.0,
    "final_p1": 0.17831988852045916,
    "final_p0": 0.8216801114795409,
    "mean_excited": 0.1852087023662076
  }
}