{
  "qasm_parse": 6.570000005012844e-05,
  "backend_load": 0.0006639999992330559,
  "compile_pipeline": 1.6400001186411828e-05,
  "lowering": 2.719999974942766e-05,
  "pulse_compile": 0.0009294999999838183,
  "pulse_npz_write": 0.0008495000001857989,
  "model_build": 0.0001830000001064036,
  "engine_run": 0.03656099999898288,
  "analysis_run": 0.00010680000013962854,
  "artifact_write": 0.00878999999986263,
  "dxf_export": 1.0000003385357559e-06,
  "manifest_write": 0.09646520000023884,
  "total": 0.14474209999934828
}