{
  "schema_version": "1.0",
  "values": {
    "samples": 4001.0,
    "final_p1": 0.9261643551109964,
    "final_p0": 0.07383564488900363,
    "mean_excited": 0.9187427834029835
  }
}