{
  "schema_version": "1.0",
  "t_end": 218.01005025125627,
  "channels": [
    {
      "name": "RO0",
      "pulses": [
        {
          "t0": 18.01005025125628,
          "t1": 218.01005025125627,
          "amp": 0.8,
          "shape": "readout",
          "params": {},
          "carrier": {
            "freq": 6500000000.0,
            "phase": 0.0
          }
        }
      ]
    },
    {
      "name": "XY0",
      "pulses": [
        {
          "t0": 0.0,
          "t1": 18.01005025125628,
          "amp": 1.0,
          "shape": "gaussian",
          "params": {
            "sigma": 3.0016750418760467
          },
          "carrier": {
            "freq": 5000000000.0,
            "phase": 0.0
          }
        }
      ]
    }
  ]
}