{
  "schema_version": "1.0",
  "values": {
    "samples": 4001.0,
    "final_p1": 0.04870226762161737,
    "final_p0": 0.9512977323783827,
    "mean_excited": 0.07488551604474324
  }
}