{
  "schema_version": "1.0",
  "values": {
    "samples": 20001.0,
    "final_p1": 0.007399290734393161,
    "final_p0": 0.9926007092656068,
    "mean_excited": 0.03485185080969183
  }
}