{
  "schema_version": "1.0",
  "values": {
    "samples": 4001.0,
    "final_p1": 0.0259215173623932,
    "final_p0": 0.9740784826376068,
    "mean_excited": 0.0534472852076213
  }
}