{
  "schema_version": "1.0",
  "values": {
    "samples": 4001.0,
    "final_p1": 0.06795924229146685,
    "final_p0": 0.9320407577085331,
    "mean_excited": 0.10324886407999802
  }
}