{
  "qasm_parse": 7.819999882485718e-05,
  "backend_load": 0.0009284999996452825,
  "compile_pipeline": 1.6900001355679706e-05,
  "lowering": 2.990000029967632e-05,
  "pulse_compile": 0.0012316999982431298,
  "pulse_npz_write": 0.0012086000006092945,
  "model_build": 0.00032439999995403923,
  "engine_run": 0.053532199999608565,
  "analysis_run": 0.00036220000038156286,
  "artifact_write": 0.009479199999987031,
  "dxf_export": 8.000006346264854e-07,
  "manifest_write": 0.07190599999921687,
  "total": 0.13920539999890025
}