{
  "schema_version": "1.0",
  "t_end": 295.0954773869347,
  "channels": [
    {
      "name": "RO0",
      "pulses": [
        {
          "t0": 95.09547738693468,
          "t1": 295.0954773869347,
          "amp": 0.8,
          "shape": "readout",
          "params": {},
          "carrier": {
            "freq": 6500000000.0,
            "phase": 0.0
          }
        }
      ]
    },
    {
      "name": "XY0",
      "pulses": [
        {
          "t0": 0.0,
          "t1": 95.09547738693468,
          "amp": 1.0,
          "shape": "gaussian",
          "params": {
            "sigma": 15.84924623115578
          },
          "carrier": {
            "freq": 5000000000.0,
            "phase": 0.0
          }
        }
      ]
    }
  ]
}