{
  "schema_version": "1.0",
  "values": {
    "final_p0": 4.5399929762484854e-05,
    "final_p1": 0.9999546000702375,
    "mean_excited": 0.8996040799189806
  }
}