{
  "schema_version": "1.0",
  "values": {
    "samples": 4001.0,
    "final_p1": 0.6449822038474692,
    "final_p0": 0.3550177961525308,
    "mean_excited": 0.6187678771510339
  }
}