{
  "schema_version": "1.0",
  "values": {
    "samples": 4001.0,
    "final_p1": 0.1137945018369717,
    "final_p0": 0.8862054981630283,
    "mean_excited": 0.13585288098477932
  }
}