{
  "schema_version": "1.0",
  "t_end": 288.57286432160805,
  "channels": [
    {
      "name": "RO0",
      "pulses": [
        {
          "t0": 88.57286432160804,
          "t1": 288.57286432160805,
          "amp": 0.8,
          "shape": "readout",
          "params": {},
          "carrier": {
            "freq": 6500000000.0,
            "phase": 0.0
          }
        }
      ]
    },
    {
      "name": "XY0",
      "pulses": [
        {
          "t0": 0.0,
          "t1": 88.57286432160804,
          "amp": 1.0,
          "shape": "gaussian",
          "params": {
            "sigma": 14.76214405360134
          },
          "carrier": {
            "freq": 5000000000.0,
            "phase": 0.0
          }
        }
      ]
    }
  ]
}