{
  "schema_version": "1.0",
  "values": {
    "samples": 4001.0,
    "final_p1": 0.2542557247074692,
    "final_p0": 0.7457442752925307,
    "mean_excited": 0.2542407714507448
  }
}