{
  "schema_version": "1.0",
  "values": {
    "samples": 4001.0,
    "final_p1": 0.8073788297096954,
    "final_p0": 0.19262117029030457,
    "mean_excited": 0.8023978830743157
  }
}