{
  "schema_version": "1.0",
  "t_end": 210.89447236180905,
  "channels": [
    {
      "name": "RO0",
      "pulses": [
        {
          "t0": 10.894472361809045,
          "t1": 210.89447236180905,
          "amp": 0.8,
          "shape": "readout",
          "params": {},
          "carrier": {
            "freq": 6500000000.0,
            "phase": 0.0
          }
        }
      ]
    },
    {
      "name": "XY0",
      "pulses": [
        {
          "t0": 0.0,
          "t1": 10.894472361809045,
          "amp": 1.0,
          "shape": "gaussian",
          "params": {
            "sigma": 1.8157453936348409
          },
          "carrier": {
            "freq": 5000000000.0,
            "phase": 0.0
          }
        }
      ]
    }
  ]
}