{
  "schema_version": "1.0",
  "values": {
    "samples": 4001.0,
    "final_p1": 0.13999209288314307,
    "final_p0": 0.8600079071168569,
    "mean_excited": 0.14472280572422747
  }
}