{
  "schema_version": "1.0",
  "values": {
    "samples": 4001.0,
    "final_p1": 0.737130526569729,
    "final_p0": 0.262869473430271,
    "mean_excited": 0.724555971840538
  }
}