{
  "schema_version": "1.0",
  "values": {
    "samples": 4001.0,
    "final_p1": 0.977105128639003,
    "final_p0": 0.022894871360996993,
    "mean_excited": 0.9245111443530202
  }
}