{
  "schema_version": "1.0",
  "values": {
    "samples": 4001.0,
    "final_p1": 0.00034598898721693963,
    "final_p0": 0.9996540110127831,
    "mean_excited": 0.007644977591203924
  }
}