{
  "schema_version": "1.0",
  "t_end": 230.46231155778895,
  "channels": [
    {
      "name": "RO0",
      "pulses": [
        {
          "t0": 30.462311557788944,
          "t1": 230.46231155778895,
          "amp": 0.8,
          "shape": "readout",
          "params": {},
          "carrier": {
            "freq": 6500000000.0,
            "phase": 0.0
          }
        }
      ]
    },
    {
      "name": "XY0",
      "pulses": [
        {
          "t0": 0.0,
          "t1": 30.462311557788944,
          "amp": 1.0,
          "shape": "gaussian",
          "params": {
            "sigma": 5.077051926298157
          },
          "carrier": {
            "freq": 5000000000.0,
            "phase": 0.0
          }
        }
      ]
    }
  ]
}