{
  "schema_version": "1.0",
  "values": {
    "samples": 4001.0,
    "final_p1": 0.7724989083663492,
    "final_p0": 0.22750109163365084,
    "mean_excited": 0.750205511324094
  }
}