{
  "schema_version": "1.0",
  "t_end": 281.4572864321608,
  "channels": [
    {
      "name": "RO0",
      "pulses": [
        {
          "t0": 81.4572864321608,
          "t1": 281.4572864321608,
          "amp": 0.8,
          "shape": "readout",
          "params": {},
          "carrier": {
            "freq": 6500000000.0,
            "phase": 0.0
          }
        }
      ]
    },
    {
      "name": "XY0",
      "pulses": [
        {
          "t0": 0.0,
          "t1": 81.4572864321608,
          "amp": 1.0,
          "shape": "gaussian",
          "params": {
            "sigma": 13.576214405360133
          },
          "carrier": {
            "freq": 5000000000.0,
            "phase": 0.0
          }
        }
      ]
    }
  ]
}