{
  "schema_version": "1.0",
  "values": {
    "samples": 4001.0,
    "final_p1": 0.7887502118751736,
    "final_p0": 0.21124978812482642,
    "mean_excited": 0.7740986360722585
  }
}