{
  "schema_version": "1.0",
  "values": {
    "samples": 4001.0,
    "final_p1": 0.3457149733460894,
    "final_p0": 0.6542850266539106,
    "mean_excited": 0.3441221113299369
  }
}