{
  "schema_version": "1.0",
  "values": {
    "samples": 4001.0,
    "final_p1": 0.19324424279359606,
    "final_p0": 0.8067557572064039,
    "mean_excited": 0.19698158397655133
  }
}