{
  "schema_version": "1.0",
  "values": {
    "samples": 4001.0,
    "final_p1": 0.8376794378569808,
    "final_p0": 0.16232056214301915,
    "mean_excited": 0.8077269527563595
  }
}