{
  "schema_version": "1.0",
  "values": {
    "samples": 4001.0,
    "final_p1": 0.04955786940245404,
    "final_p0": 0.950442130597546,
    "mean_excited": 0.05533793323439244
  }
}