{
  "schema_version": "1.0",
  "t_end": 232.83417085427135,
  "channels": [
    {
      "name": "RO0",
      "pulses": [
        {
          "t0": 32.834170854271356,
          "t1": 232.83417085427135,
          "amp": 0.8,
          "shape": "readout",
          "params": {},
          "carrier": {
            "freq": 6500000000.0,
            "phase": 0.0
          }
        }
      ]
    },
    {
      "name": "XY0",
      "pulses": [
        {
          "t0": 0.0,
          "t1": 32.834170854271356,
          "amp": 1.0,
          "shape": "gaussian",
          "params": {
            "sigma": 5.472361809045226
          },
          "carrier": {
            "freq": 5000000000.0,
            "phase": 0.0
          }
        }
      ]
    }
  ]
}