{
  "schema_version": "1.0",
  "values": {
    "samples": 4001.0,
    "final_p1": 0.6635440952967765,
    "final_p0": 0.3364559047032235,
    "mean_excited": 0.6486484210616769
  }
}