{
  "schema_version": "1.0",
  "values": {
    "samples": 4001.0,
    "final_p1": 0.06801245920747062,
    "final_p0": 0.9319875407925293,
    "mean_excited": 0.08980858568211794
  }
}