{
  "schema_version": "1.0",
  "t_end": 294.5025125628141,
  "channels": [
    {
      "name": "RO0",
      "pulses": [
        {
          "t0": 94.50251256281408,
          "t1": 294.5025125628141,
          "amp": 0.8,
          "shape": "readout",
          "params": {},
          "carrier": {
            "freq": 6500000000.0,
            "phase": 0.0
          }
        }
      ]
    },
    {
      "name": "XY0",
      "pulses": [
        {
          "t0": 0.0,
          "t1": 94.50251256281408,
          "amp": 1.0,
          "shape": "gaussian",
          "params": {
            "sigma": 15.750418760469012
          },
          "carrier": {
            "freq": 5000000000.0,
            "phase": 0.0
          }
        }
      ]
    }
  ]
}