{
  "schema_version": "1.0",
  "values": {
    "samples": 4001.0,
    "final_p1": 0.9588554302592472,
    "final_p0": 0.04114456974075276,
    "mean_excited": 0.9222650547262107
  }
}