{
  "schema_version": "1.0",
  "values": {
    "samples": 4001.0,
    "final_p1": 0.25929401866773083,
    "final_p0": 0.7407059813322692,
    "mean_excited": 0.271712163701426
  }
}