{
  "qasm_parse": 7.860000005166512e-05,
  "backend_load": 0.0007557000008091563,
  "compile_pipeline": 1.610000072105322e-05,
  "lowering": 2.6899999284069054e-05,
  "pulse_compile": 0.0009580999994796002,
  "pulse_npz_write": 0.0012420000002748566,
  "model_build": 0.0001909000002342509,
  "engine_run": 0.10318700000061654,
  "analysis_run": 0.00015949999942677096,
  "artifact_write": 0.008850899999742978,
  "dxf_export": 1.3999997463542968e-06,
  "manifest_write": 0.11924890000045707,
  "total": 0.2359537000011187
}