{
  "schema_version": "1.0",
  "values": {
    "samples": 4001.0,
    "final_p1": 0.7574123157478081,
    "final_p0": 0.2425876842521919,
    "mean_excited": 0.7529497748678157
  }
}