{
  "schema_version": "1.0",
  "t_end": 210.30150753768845,
  "channels": [
    {
      "name": "RO0",
      "pulses": [
        {
          "t0": 10.301507537688442,
          "t1": 210.30150753768845,
          "amp": 0.8,
          "shape": "readout",
          "params": {},
          "carrier": {
            "freq": 6500000000.0,
            "phase": 0.0
          }
        }
      ]
    },
    {
      "name": "XY0",
      "pulses": [
        {
          "t0": 0.0,
          "t1": 10.301507537688442,
          "amp": 1.0,
          "shape": "gaussian",
          "params": {
            "sigma": 1.7169179229480738
          },
          "carrier": {
            "freq": 5000000000.0,
            "phase": 0.0
          }
        }
      ]
    }
  ]
}