{
  "schema_version": "1.0",
  "values": {
    "samples": 4001.0,
    "final_p1": 0.9701650753281668,
    "final_p0": 0.02983492467183324,
    "mean_excited": 0.948307357990669
  }
}