{
  "schema_version": "1.0",
  "t_end": 247.65829145728642,
  "channels": [
    {
      "name": "RO0",
      "pulses": [
        {
          "t0": 47.65829145728643,
          "t1": 247.65829145728642,
          "amp": 0.8,
          "shape": "readout",
          "params": {},
          "carrier": {
            "freq": 6500000000.0,
            "phase": 0.0
          }
        }
      ]
    },
    {
      "name": "XY0",
      "pulses": [
        {
          "t0": 0.0,
          "t1": 47.65829145728643,
          "amp": 1.0,
          "shape": "gaussian",
          "params": {
            "sigma": 7.943048576214405
          },
          "carrier": {
            "freq": 5000000000.0,
            "phase": 0.0
          }
        }
      ]
    }
  ]
}