{
  "schema_version": "1.0",
  "values": {
    "samples": 20001.0,
    "final_p1": 0.9731338175269094,
    "final_p0": 0.026866182473090583,
    "mean_excited": 0.950942212585888
  }
}