{
  "schema_version": "1.0",
  "values": {
    "samples": 4001.0,
    "final_p1": 0.010568362692148702,
    "final_p0": 0.9894316373078513,
    "mean_excited": 0.017469167958190486
  }
}