{
  "schema_version": "1.0",
  "values": {
    "samples": 4001.0,
    "final_p1": 0.1413411769202857,
    "final_p0": 0.8586588230797143,
    "mean_excited": 0.1568275728850811
  }
}