{
  "schema_version": "1.0",
  "t_end": 295.6884422110553,
  "channels": [
    {
      "name": "RO0",
      "pulses": [
        {
          "t0": 95.68844221105527,
          "t1": 295.6884422110553,
          "amp": 0.8,
          "shape": "readout",
          "params": {},
          "carrier": {
            "freq": 6500000000.0,
            "phase": 0.0
          }
        }
      ]
    },
    {
      "name": "XY0",
      "pulses": [
        {
          "t0": 0.0,
          "t1": 95.68844221105527,
          "amp": 1.0,
          "shape": "gaussian",
          "params": {
            "sigma": 15.948073701842546
          },
          "carrier": {
            "freq": 5000000000.0,
            "phase": 0.0
          }
        }
      ]
    }
  ]
}