{
  "schema_version": "1.0",
  "values": {
    "samples": 4001.0,
    "final_p1": 0.8932438854440489,
    "final_p0": 0.10675611455595113,
    "mean_excited": 0.8872660122613523
  }
}