{
  "schema_version": "1.0",
  "values": {
    "samples": 20001.0,
    "final_p1": 0.8648172254105286,
    "final_p0": 0.13518277458947137,
    "mean_excited": 0.825400983218966
  }
}