{
  "schema_version": "1.0",
  "t_end": 310.9230769230769,
  "channels": [
    {
      "name": "RO0",
      "pulses": [
        {
          "t0": 110.92307692307692,
          "t1": 310.9230769230769,
          "amp": 0.8,
          "shape": "readout",
          "params": {},
          "carrier": {
            "freq": 6500000000.0,
            "phase": 0.0
          }
        }
      ]
    },
    {
      "name": "XY0",
      "pulses": [
        {
          "t0": 0.0,
          "t1": 110.92307692307692,
          "amp": 1.0,
          "shape": "gaussian",
          "params": {
            "sigma": 18.487179487179485
          },
          "carrier": {
            "freq": 5000000000.0,
            "phase": 0.0
          }
        }
      ]
    }
  ]
}