{
  "schema_version": "1.0",
  "values": {
    "samples": 4001.0,
    "final_p1": 0.9631183183394578,
    "final_p0": 0.036881681660542176,
    "mean_excited": 0.9276730469057783
  }
}