{
  "schema_version": "1.0",
  "t_end": 278.4924623115578,
  "channels": [
    {
      "name": "RO0",
      "pulses": [
        {
          "t0": 78.49246231155779,
          "t1": 278.4924623115578,
          "amp": 0.8,
          "shape": "readout",
          "params": {},
          "carrier": {
            "freq": 6500000000.0,
            "phase": 0.0
          }
        }
      ]
    },
    {
      "name": "XY0",
      "pulses": [
        {
          "t0": 0.0,
          "t1": 78.49246231155779,
          "amp": 1.0,
          "shape": "gaussian",
          "params": {
            "sigma": 13.082077051926298
          },
          "carrier": {
            "freq": 5000000000.0,
            "phase": 0.0
          }
        }
      ]
    }
  ]
}