{
  "schema_version": "1.0",
  "values": {
    "samples": 20001.0,
    "final_p1": 0.9956138263590805,
    "final_p0": 0.004386173640919533,
    "mean_excited": 0.9427401516276491
  }
}