{
  "schema_version": "1.0",
  "values": {
    "samples": 20001.0,
    "final_p1": 0.5589242510199955,
    "final_p0": 0.44107574898000446,
    "mean_excited": 0.5511721453249108
  }
}