{
  "schema_version": "1.0",
  "values": {
    "samples": 4001.0,
    "final_p1": 0.20161693456592147,
    "final_p0": 0.7983830654340786,
    "mean_excited": 0.21788877783791288
  }
}