{
  "schema_version": "1.0",
  "values": {
    "samples": 4001.0,
    "final_p1": 0.7741830146348474,
    "final_p0": 0.2258169853651526,
    "mean_excited": 0.7583679631945378
  }
}