{
  "schema_version": "1.0",
  "values": {
    "samples": 1001.0,
    "final_p1": 0.27384204949598867,
    "final_p0": 0.7261579505040113,
    "mean_excited": 0.29400796472721463
  }
}