{
  "qasm_parse": 5.720000081055332e-05,
  "backend_load": 0.000677699999869219,
  "compile_pipeline": 1.4299999747890979e-05,
  "lowering": 3.9599999581696466e-05,
  "pulse_compile": 0.0005368000001908513,
  "pulse_npz_write": 0.000675299999784329,
  "model_build": 0.0002012999993894482,
  "engine_run": 0.11347010000099544,
  "analysis_run": 0.00013469999976223335,
  "artifact_write": 0.010911200000919052,
  "dxf_export": 9.999985195463523e-07,
  "manifest_write": 0.10761820000152511,
  "total": 0.23441559999992023
}