{
  "schema_version": "1.0",
  "values": {
    "samples": 4001.0,
    "final_p1": 0.026569621193200117,
    "final_p0": 0.9734303788067998,
    "mean_excited": 0.03300106302092879
  }
}