{
  "schema_version": "1.0",
  "values": {
    "samples": 4001.0,
    "final_p1": 0.564586389498697,
    "final_p0": 0.435413610501303,
    "mean_excited": 0.5590445259927068
  }
}