{
  "schema_version": "1.0",
  "t_end": 252.99497487437185,
  "channels": [
    {
      "name": "RO0",
      "pulses": [
        {
          "t0": 52.99497487437186,
          "t1": 252.99497487437185,
          "amp": 0.8,
          "shape": "readout",
          "params": {},
          "carrier": {
            "freq": 6500000000.0,
            "phase": 0.0
          }
        }
      ]
    },
    {
      "name": "XY0",
      "pulses": [
        {
          "t0": 0.0,
          "t1": 52.99497487437186,
          "amp": 1.0,
          "shape": "gaussian",
          "params": {
            "sigma": 8.83249581239531
          },
          "carrier": {
            "freq": 5000000000.0,
            "phase": 0.0
          }
        }
      ]
    }
  ]
}