{
  "schema_version": "1.0",
  "values": {
    "samples": 4001.0,
    "final_p1": 0.5450003645395236,
    "final_p0": 0.4549996354604764,
    "mean_excited": 0.5381364952853972
  }
}