{
  "schema_version": "1.0",
  "values": {
    "samples": 4001.0,
    "final_p1": 0.8213546275848944,
    "final_p0": 0.17864537241510559,
    "mean_excited": 0.7957326149588302
  }
}