{
  "schema_version": "1.0",
  "t_end": 280.8643216080402,
  "channels": [
    {
      "name": "RO0",
      "pulses": [
        {
          "t0": 80.8643216080402,
          "t1": 280.8643216080402,
          "amp": 0.8,
          "shape": "readout",
          "params": {},
          "carrier": {
            "freq": 6500000000.0,
            "phase": 0.0
          }
        }
      ]
    },
    {
      "name": "XY0",
      "pulses": [
        {
          "t0": 0.0,
          "t1": 80.8643216080402,
          "amp": 1.0,
          "shape": "gaussian",
          "params": {
            "sigma": 13.477386934673367
          },
          "carrier": {
            "freq": 5000000000.0,
            "phase": 0.0
          }
        }
      ]
    }
  ]
}