{
  "schema_version": "1.0",
  "values": {
    "samples": 4001.0,
    "final_p1": 0.06677537334477805,
    "final_p0": 0.933224626655222,
    "mean_excited": 0.06666190025217071
  }
}