{
  "schema_version": "1.0",
  "t_end": 202.5929648241206,
  "channels": [
    {
      "name": "RO0",
      "pulses": [
        {
          "t0": 2.592964824120603,
          "t1": 202.5929648241206,
          "amp": 0.8,
          "shape": "readout",
          "params": {},
          "carrier": {
            "freq": 6500000000.0,
            "phase": 0.0
          }
        }
      ]
    },
    {
      "name": "XY0",
      "pulses": [
        {
          "t0": 0.0,
          "t1": 2.592964824120603,
          "amp": 1.0,
          "shape": "gaussian",
          "params": {
            "sigma": 0.43216080402010054
          },
          "carrier": {
            "freq": 5000000000.0,
            "phase": 0.0
          }
        }
      ]
    }
  ]
}