{
  "schema_version": "1.0",
  "values": {
    "samples": 4001.0,
    "final_p1": 0.970849337537014,
    "final_p0": 0.029150662462986032,
    "mean_excited": 0.9336365986547394
  }
}