{
  "schema_version": "1.0",
  "t_end": 274.9346733668342,
  "channels": [
    {
      "name": "RO0",
      "pulses": [
        {
          "t0": 74.93467336683418,
          "t1": 274.9346733668342,
          "amp": 0.8,
          "shape": "readout",
          "params": {},
          "carrier": {
            "freq": 6500000000.0,
            "phase": 0.0
          }
        }
      ]
    },
    {
      "name": "XY0",
      "pulses": [
        {
          "t0": 0.0,
          "t1": 74.93467336683418,
          "amp": 1.0,
          "shape": "gaussian",
          "params": {
            "sigma": 12.489112227805697
          },
          "carrier": {
            "freq": 5000000000.0,
            "phase": 0.0
          }
        }
      ]
    }
  ]
}