{
  "schema_version": "1.0",
  "values": {
    "samples": 4001.0,
    "final_p1": 0.4257981287216194,
    "final_p0": 0.5742018712783806,
    "mean_excited": 0.4207486268449804
  }
}