{
  "schema_version": "1.0",
  "t_end": 237.57788944723617,
  "channels": [
    {
      "name": "RO0",
      "pulses": [
        {
          "t0": 37.57788944723618,
          "t1": 237.57788944723617,
          "amp": 0.8,
          "shape": "readout",
          "params": {},
          "carrier": {
            "freq": 6500000000.0,
            "phase": 0.0
          }
        }
      ]
    },
    {
      "name": "XY0",
      "pulses": [
        {
          "t0": 0.0,
          "t1": 37.57788944723618,
          "amp": 1.0,
          "shape": "gaussian",
          "params": {
            "sigma": 6.2629815745393635
          },
          "carrier": {
            "freq": 5000000000.0,
            "phase": 0.0
          }
        }
      ]
    }
  ]
}