{
  "schema_version": "1.0",
  "values": {
    "samples": 4001.0,
    "final_p1": 0.9956116205213753,
    "final_p0": 0.004388379478624693,
    "mean_excited": 0.9426493895880182
  }
}