{
  "schema_version": "1.0",
  "values": {
    "samples": 4001.0,
    "final_p1": 0.8218363057778694,
    "final_p0": 0.17816369422213063,
    "mean_excited": 0.8166978229534892
  }
}