{
  "schema_version": "1.0",
  "t_end": 211.07692307692307,
  "channels": [
    {
      "name": "RO0",
      "pulses": [
        {
          "t0": 11.076923076923077,
          "t1": 211.07692307692307,
          "amp": 0.8,
          "shape": "readout",
          "params": {},
          "carrier": {
            "freq": 6500000000.0,
            "phase": 0.0
          }
        }
      ]
    },
    {
      "name": "XY0",
      "pulses": [
        {
          "t0": 0.0,
          "t1": 11.076923076923077,
          "amp": 1.0,
          "shape": "gaussian",
          "params": {
            "sigma": 1.846153846153846
          },
          "carrier": {
            "freq": 5000000000.0,
            "phase": 0.0
          }
        }
      ]
    }
  ]
}