{
  "schema_version": "1.0",
  "values": {
    "samples": 4001.0,
    "final_p1": 0.26978930081963387,
    "final_p0": 0.7302106991803661,
    "mean_excited": 0.27652262747955736
  }
}