{
  "schema_version": "1.0",
  "t_end": 255.95979899497488,
  "channels": [
    {
      "name": "RO0",
      "pulses": [
        {
          "t0": 55.959798994974875,
          "t1": 255.95979899497488,
          "amp": 0.8,
          "shape": "readout",
          "params": {},
          "carrier": {
            "freq": 6500000000.0,
            "phase": 0.0
          }
        }
      ]
    },
    {
      "name": "XY0",
      "pulses": [
        {
          "t0": 0.0,
          "t1": 55.959798994974875,
          "amp": 1.0,
          "shape": "gaussian",
          "params": {
            "sigma": 9.326633165829145
          },
          "carrier": {
            "freq": 5000000000.0,
            "phase": 0.0
          }
        }
      ]
    }
  ]
}