{
  "schema_version": "1.0",
  "values": {
    "samples": 4001.0,
    "final_p1": 0.9991696471968124,
    "final_p0": 0.0008303528031875507,
    "mean_excited": 0.9914576880470463
  }
}