{
  "schema_version": "1.0",
  "t_end": 215.04522613065328,
  "channels": [
    {
      "name": "RO0",
      "pulses": [
        {
          "t0": 15.045226130653267,
          "t1": 215.04522613065328,
          "amp": 0.8,
          "shape": "readout",
          "params": {},
          "carrier": {
            "freq": 6500000000.0,
            "phase": 0.0
          }
        }
      ]
    },
    {
      "name": "XY0",
      "pulses": [
        {
          "t0": 0.0,
          "t1": 15.045226130653267,
          "amp": 1.0,
          "shape": "gaussian",
          "params": {
            "sigma": 2.5075376884422114
          },
          "carrier": {
            "freq": 5000000000.0,
            "phase": 0.0
          }
        }
      ]
    }
  ]
}