{
  "schema_version": "1.0",
  "t_end": 235.28205128205127,
  "channels": [
    {
      "name": "RO0",
      "pulses": [
        {
          "t0": 35.282051282051285,
          "t1": 235.28205128205127,
          "amp": 0.8,
          "shape": "readout",
          "params": {},
          "carrier": {
            "freq": 6500000000.0,
            "phase": 0.0
          }
        }
      ]
    },
    {
      "name": "XY0",
      "pulses": [
        {
          "t0": 0.0,
          "t1": 35.282051282051285,
          "amp": 1.0,
          "shape": "gaussian",
          "params": {
            "sigma": 5.880341880341881
          },
          "carrier": {
            "freq": 5000000000.0,
            "phase": 0.0
          }
        }
      ]
    }
  ]
}